{"model":{"type":"range_dispatch","property":"custom_model_data","index":0,"fallback":{"type":"minecraft:model","model":"minecraft:item/apple"},"entries":[{"threshold":10000,"model":{"type":"model","model":"customcrops:item/crops/pitaya/pitaya"}},{"threshold":10001,"model":{"type":"model","model":"customcrops:item/crops/pitaya/pitaya_silver_star"}},{"threshold":10002,"model":{"type":"model","model":"customcrops:item/crops/pitaya/pitaya_golden_star"}},{"threshold":10003,"model":{"type":"model","model":"customcrops:item/crops/pineapple/pineapple"}},{"threshold":10004,"model":{"type":"model","model":"customcrops:item/crops/pineapple/pineapple_silver_star"}},{"threshold":10005,"model":{"type":"model","model":"customcrops:item/crops/pineapple/pineapple_golden_star"}},{"threshold":10006,"model":{"type":"model","model":"customcrops:item/crops/cabbage/cabbage"}},{"threshold":10007,"model":{"type":"model","model":"customcrops:item/crops/cabbage/cabbage_silver_star"}},{"threshold":10008,"model":{"type":"model","model":"customcrops:item/crops/cabbage/cabbage_golden_star"}},{"threshold":10009,"model":{"type":"model","model":"customcrops:item/crops/eggplant/eggplant"}},{"threshold":10010,"model":{"type":"model","model":"customcrops:item/crops/eggplant/eggplant_silver_star"}},{"threshold":10011,"model":{"type":"model","model":"customcrops:item/crops/eggplant/eggplant_golden_star"}},{"threshold":10012,"model":{"type":"model","model":"customcrops:item/crops/hop/hop"}},{"threshold":10013,"model":{"type":"model","model":"customcrops:item/crops/hop/hop_silver_star"}},{"threshold":10014,"model":{"type":"model","model":"customcrops:item/crops/hop/hop_golden_star"}},{"threshold":10015,"model":{"type":"model","model":"customcrops:item/crops/grape/grape"}},{"threshold":10016,"model":{"type":"model","model":"customcrops:item/crops/grape/grape_silver_star"}},{"threshold":10017,"model":{"type":"model","model":"customcrops:item/crops/grape/grape_golden_star"}},{"threshold":10018,"model":{"type":"model","model":"customcrops:item/crops/tomato/tomato"}},{"threshold":10019,"model":{"type":"model","model":"customcrops:item/crops/tomato/tomato_silver_star"}},{"threshold":10020,"model":{"type":"model","model":"customcrops:item/crops/tomato/tomato_golden_star"}},{"threshold":10021,"model":{"type":"model","model":"customcrops:item/crops/tomato/golden_tomato"}},{"threshold":10022,"model":{"type":"model","model":"customcrops:item/crops/chinese_cabbage/chinese_cabbage"}},{"threshold":10023,"model":{"type":"model","model":"customcrops:item/crops/chinese_cabbage/chinese_cabbage_silver_star"}},{"threshold":10024,"model":{"type":"model","model":"customcrops:item/crops/chinese_cabbage/chinese_cabbage_golden_star"}},{"threshold":10025,"model":{"type":"model","model":"customcrops:item/crops/pepper/pepper"}},{"threshold":10026,"model":{"type":"model","model":"customcrops:item/crops/pepper/pepper_silver_star"}},{"threshold":10027,"model":{"type":"model","model":"customcrops:item/crops/pepper/pepper_golden_star"}},{"threshold":10028,"model":{"type":"model","model":"customcrops:item/crops/garlic/garlic"}},{"threshold":10029,"model":{"type":"model","model":"customcrops:item/crops/garlic/garlic_silver_star"}},{"threshold":10030,"model":{"type":"model","model":"customcrops:item/crops/garlic/garlic_golden_star"}},{"threshold":10031,"model":{"type":"model","model":"customcrops:item/crops/corn/corn"}},{"threshold":10032,"model":{"type":"model","model":"customcrops:item/crops/corn/corn_silver_star"}},{"threshold":10033,"model":{"type":"model","model":"customcrops:item/crops/corn/corn_golden_star"}},{"threshold":10034,"model":{"type":"model","model":"item/apple"}}]},"oversized_in_gui":true}