{"model":{"type":"range_dispatch","property":"custom_model_data","index":0,"fallback":{"type":"minecraft:model","model":"minecraft:item/cod"},"entries":[{"threshold":50000,"model":{"type":"model","model":"customfishing:item/fish/radioactive_fish"}},{"threshold":50001,"model":{"type":"model","model":"customfishing:item/fish/tuna_fish"}},{"threshold":50002,"model":{"type":"model","model":"customfishing:item/fish/tuna_fish_silver_star"}},{"threshold":50003,"model":{"type":"model","model":"customfishing:item/fish/tuna_fish_golden_star"}},{"threshold":50004,"model":{"type":"model","model":"customfishing:item/fish/pike_fish"}},{"threshold":50005,"model":{"type":"model","model":"customfishing:item/fish/pike_fish_silver_star"}},{"threshold":50006,"model":{"type":"model","model":"customfishing:item/fish/pike_fish_golden_star"}},{"threshold":50007,"model":{"type":"model","model":"customfishing:item/fish/gold_fish"}},{"threshold":50008,"model":{"type":"model","model":"customfishing:item/fish/gold_fish_silver_star"}},{"threshold":50009,"model":{"type":"model","model":"customfishing:item/fish/gold_fish_golden_star"}},{"threshold":50010,"model":{"type":"model","model":"customfishing:item/fish/perch_fish"}},{"threshold":50011,"model":{"type":"model","model":"customfishing:item/fish/perch_fish_silver_star"}},{"threshold":50012,"model":{"type":"model","model":"customfishing:item/fish/perch_fish_golden_star"}},{"threshold":50013,"model":{"type":"model","model":"customfishing:item/fish/mullet_fish"}},{"threshold":50014,"model":{"type":"model","model":"customfishing:item/fish/mullet_fish_silver_star"}},{"threshold":50015,"model":{"type":"model","model":"customfishing:item/fish/mullet_fish_golden_star"}},{"threshold":50016,"model":{"type":"model","model":"customfishing:item/fish/sardine_fish"}},{"threshold":50017,"model":{"type":"model","model":"customfishing:item/fish/sardine_fish_silver_star"}},{"threshold":50018,"model":{"type":"model","model":"customfishing:item/fish/sardine_fish_golden_star"}},{"threshold":50019,"model":{"type":"model","model":"customfishing:item/fish/carp_fish"}},{"threshold":50020,"model":{"type":"model","model":"customfishing:item/fish/carp_fish_silver_star"}},{"threshold":50021,"model":{"type":"model","model":"customfishing:item/fish/carp_fish_golden_star"}},{"threshold":50022,"model":{"type":"model","model":"customfishing:item/fish/cat_fish"}},{"threshold":50023,"model":{"type":"model","model":"customfishing:item/fish/cat_fish_silver_star"}},{"threshold":50024,"model":{"type":"model","model":"customfishing:item/fish/cat_fish_golden_star"}},{"threshold":50025,"model":{"type":"model","model":"customfishing:item/fish/octopus_fish"}},{"threshold":50026,"model":{"type":"model","model":"customfishing:item/fish/octopus_fish_silver_star"}},{"threshold":50027,"model":{"type":"model","model":"customfishing:item/fish/octopus_fish_golden_star"}},{"threshold":50028,"model":{"type":"model","model":"customfishing:item/fish/sunfish_fish"}},{"threshold":50029,"model":{"type":"model","model":"customfishing:item/fish/sunfish_fish_silver_star"}},{"threshold":50030,"model":{"type":"model","model":"customfishing:item/fish/sunfish_fish_golden_star"}},{"threshold":50031,"model":{"type":"model","model":"customfishing:item/fish/red_snapper_fish"}},{"threshold":50032,"model":{"type":"model","model":"customfishing:item/fish/red_snapper_silver_star"}},{"threshold":50033,"model":{"type":"model","model":"customfishing:item/fish/red_snapper_fish_golden_star"}},{"threshold":50034,"model":{"type":"model","model":"customfishing:item/fish/salmon_void_fish"}},{"threshold":50035,"model":{"type":"model","model":"customfishing:item/fish/salmon_void_silver_star"}},{"threshold":50036,"model":{"type":"model","model":"customfishing:item/fish/salmon_void_fish_golden_star"}},{"threshold":50037,"model":{"type":"model","model":"customfishing:item/fish/woodskip_fish"}},{"threshold":50038,"model":{"type":"model","model":"customfishing:item/fish/woodskip_silver_star"}},{"threshold":50039,"model":{"type":"model","model":"customfishing:item/fish/woodskip_fish_golden_star"}},{"threshold":50040,"model":{"type":"model","model":"customfishing:item/fish/sturgeon_fish"}},{"threshold":50041,"model":{"type":"model","model":"customfishing:item/fish/sturgeon_silver_star"}},{"threshold":50042,"model":{"type":"model","model":"customfishing:item/fish/sturgeon_fish_golden_star"}},{"threshold":50043,"model":{"type":"model","model":"customfishing:item/fish/blue_jellyfish"}},{"threshold":50044,"model":{"type":"model","model":"customfishing:item/fish/blue_jellyfish_silver_star"}},{"threshold":50045,"model":{"type":"model","model":"customfishing:item/fish/blue_jellyfish_golden_star"}},{"threshold":50046,"model":{"type":"model","model":"customfishing:item/fish/pink_jellyfish"}},{"threshold":50047,"model":{"type":"model","model":"customfishing:item/fish/pink_jellyfish_silver_star"}},{"threshold":50048,"model":{"type":"model","model":"customfishing:item/fish/pink_jellyfish_golden_star"}},{"threshold":50100,"model":{"type":"model","model":"customfishing:item/fish/rainbow_fish"}},{"threshold":50101,"model":{"type":"model","model":"item/cod"}}]},"oversized_in_gui":true}