{"model":{"type":"range_dispatch","property":"custom_model_data","index":0,"fallback":{"type":"minecraft:condition","on_false":{"type":"minecraft:model","model":"minecraft:item/fishing_rod"},"on_true":{"type":"minecraft:model","model":"minecraft:item/fishing_rod_cast"},"property":"minecraft:fishing_rod/cast"},"entries":[{"threshold":50001,"model":{"type":"minecraft:condition","on_false":{"type":"model","model":"customfishing:item/rod/beginner_rod"},"on_true":{"type":"model","model":"customfishing:item/rod/beginner_rod_cast"},"property":"minecraft:fishing_rod/cast"}},{"threshold":50002,"model":{"type":"minecraft:condition","on_false":{"type":"model","model":"customfishing:item/rod/silver_rod"},"on_true":{"type":"model","model":"customfishing:item/rod/silver_rod_cast"},"property":"minecraft:fishing_rod/cast"}},{"threshold":50003,"model":{"type":"minecraft:condition","on_false":{"type":"model","model":"customfishing:item/rod/golden_rod"},"on_true":{"type":"model","model":"customfishing:item/rod/golden_rod_cast"},"property":"minecraft:fishing_rod/cast"}},{"threshold":50004,"model":{"type":"minecraft:condition","on_false":{"type":"model","model":"customfishing:item/rod/star_rod"},"on_true":{"type":"model","model":"customfishing:item/rod/star_rod_cast"},"property":"minecraft:fishing_rod/cast"}},{"threshold":50005,"model":{"type":"minecraft:condition","on_false":{"type":"model","model":"customfishing:item/rod/bone_rod"},"on_true":{"type":"model","model":"customfishing:item/rod/bone_rod_cast"},"property":"minecraft:fishing_rod/cast"}},{"threshold":50006,"model":{"type":"minecraft:condition","on_false":{"type":"model","model":"customfishing:item/rod/magical_rod"},"on_true":{"type":"model","model":"customfishing:item/rod/magical_rod_cast"},"property":"minecraft:fishing_rod/cast"}},{"threshold":50007,"model":{"type":"minecraft:condition","on_false":{"type":"model","model":"customfishing:item/rod/master_rod"},"on_true":{"type":"model","model":"customfishing:item/rod/master_rod_cast"},"property":"minecraft:fishing_rod/cast"}},{"threshold":50008,"model":{"type":"minecraft:condition","on_false":{"type":"model","model":"item/fishing_rod"},"on_true":{"type":"minecraft:model","model":"minecraft:item/fishing_rod_cast"},"property":"minecraft:fishing_rod/cast"}}]},"oversized_in_gui":true}