{"model":{"type":"range_dispatch","property":"custom_model_data","index":0,"fallback":{"type":"minecraft:model","model":"minecraft:item/golden_horse_armor"},"entries":[{"threshold":10000,"model":{"type":"model","model":"customcrops:item/wateringcans/watering_can_1"}},{"threshold":10001,"model":{"type":"model","model":"customcrops:item/wateringcans/watering_can_2"}},{"threshold":10002,"model":{"type":"model","model":"customcrops:item/wateringcans/watering_can_3"}},{"threshold":10003,"model":{"type":"model","model":"customcrops:item/wateringcans/watering_can_4"}},{"threshold":10004,"model":{"type":"model","model":"item/golden_horse_armor"}}]},"oversized_in_gui":true}