{"model":{"type":"range_dispatch","property":"custom_model_data","index":0,"fallback":{"type":"minecraft:model","model":"minecraft:item/paper"},"entries":[{"threshold":10000,"model":{"type":"model","model":"_iainternal:item/ia_auto/icon_left_blue"}},{"threshold":10001,"model":{"type":"model","model":"_iainternal:item/ia_auto/icon_right_blue"}},{"threshold":10002,"model":{"type":"model","model":"_iainternal:item/ia_auto/icon_search"}},{"threshold":10003,"model":{"type":"model","model":"_iainternal:item/ia_auto/icon_cancel"}},{"threshold":10004,"model":{"type":"model","model":"_iainternal:item/ia_auto/icon_arrow_chest"}},{"threshold":10005,"model":{"type":"model","model":"_iainternal:item/ia_auto/icon_back_orange"}},{"threshold":10006,"model":{"type":"model","model":"_iainternal:item/ia_auto/icon_next_orange"}},{"threshold":10007,"model":{"type":"model","model":"customcrops:item/crops/pitaya/stage_1"}},{"threshold":10008,"model":{"type":"model","model":"customcrops:item/crops/pitaya/stage_2"}},{"threshold":10009,"model":{"type":"model","model":"customcrops:item/crops/pitaya/stage_3"}},{"threshold":10010,"model":{"type":"model","model":"customcrops:item/crops/pitaya/stage_4"}},{"threshold":10011,"model":{"type":"model","model":"customcrops:item/crops/pitaya/stage_5"}},{"threshold":10012,"model":{"type":"model","model":"customcrops:item/crops/pitaya/stage_6"}},{"threshold":10013,"model":{"type":"model","model":"customcrops:item/crops/pitaya/pitaya_seeds"}},{"threshold":10014,"model":{"type":"model","model":"customcrops:item/crops/pineapple/stage_1"}},{"threshold":10015,"model":{"type":"model","model":"customcrops:item/crops/pineapple/stage_2"}},{"threshold":10016,"model":{"type":"model","model":"customcrops:item/crops/pineapple/stage_3"}},{"threshold":10017,"model":{"type":"model","model":"customcrops:item/crops/pineapple/stage_4"}},{"threshold":10018,"model":{"type":"model","model":"customcrops:item/crops/pineapple/pineapple_seeds"}},{"threshold":10019,"model":{"type":"model","model":"customcrops:item/crops/pineapple/gigantic_pineapple"}},{"threshold":10020,"model":{"type":"model","model":"customcrops:item/crops/cabbage/stage_1"}},{"threshold":10021,"model":{"type":"model","model":"customcrops:item/crops/cabbage/stage_2"}},{"threshold":10022,"model":{"type":"model","model":"customcrops:item/crops/cabbage/stage_3"}},{"threshold":10023,"model":{"type":"model","model":"customcrops:item/crops/cabbage/stage_4"}},{"threshold":10024,"model":{"type":"model","model":"customcrops:item/crops/cabbage/cabbage_seeds"}},{"threshold":10025,"model":{"type":"model","model":"customcrops:item/crops/cabbage/gigantic_cabbage"}},{"threshold":10026,"model":{"type":"model","model":"customcrops:item/crops/eggplant/stage_1"}},{"threshold":10027,"model":{"type":"model","model":"customcrops:item/crops/eggplant/stage_2"}},{"threshold":10028,"model":{"type":"model","model":"customcrops:item/crops/eggplant/stage_3"}},{"threshold":10029,"model":{"type":"model","model":"customcrops:item/crops/eggplant/stage_4"}},{"threshold":10030,"model":{"type":"model","model":"customcrops:item/crops/eggplant/eggplant_seeds"}},{"threshold":10031,"model":{"type":"model","model":"customcrops:item/crops/hop/stage_1"}},{"threshold":10032,"model":{"type":"model","model":"customcrops:item/crops/hop/stage_2"}},{"threshold":10033,"model":{"type":"model","model":"customcrops:item/crops/hop/stage_3"}},{"threshold":10034,"model":{"type":"model","model":"customcrops:item/crops/hop/stage_4"}},{"threshold":10035,"model":{"type":"model","model":"customcrops:item/crops/hop/hop_seeds"}},{"threshold":10036,"model":{"type":"model","model":"customcrops:item/crops/grape/stage_1"}},{"threshold":10037,"model":{"type":"model","model":"customcrops:item/crops/grape/stage_2"}},{"threshold":10038,"model":{"type":"model","model":"customcrops:item/crops/grape/stage_3"}},{"threshold":10039,"model":{"type":"model","model":"customcrops:item/crops/grape/stage_4"}},{"threshold":10040,"model":{"type":"model","model":"customcrops:item/crops/grape/stage_5"}},{"threshold":10041,"model":{"type":"model","model":"customcrops:item/crops/grape/stage_6"}},{"threshold":10042,"model":{"type":"model","model":"customcrops:item/crops/grape/grape_seeds"}},{"threshold":10043,"model":{"type":"model","model":"customcrops:item/crops/tomato/stage_1"}},{"threshold":10044,"model":{"type":"model","model":"customcrops:item/crops/tomato/stage_2"}},{"threshold":10045,"model":{"type":"model","model":"customcrops:item/crops/tomato/stage_3"}},{"threshold":10046,"model":{"type":"model","model":"customcrops:item/crops/tomato/stage_4"}},{"threshold":10047,"model":{"type":"model","model":"customcrops:item/crops/tomato/stage_golden"}},{"threshold":10048,"model":{"type":"model","model":"customcrops:item/crops/tomato/tomato_seeds"}},{"threshold":10049,"model":{"type":"model","model":"customcrops:item/crops/tomato/gigantic_tomato"}},{"threshold":10050,"model":{"type":"model","model":"customcrops:item/crops/chinese_cabbage/stage_1"}},{"threshold":10051,"model":{"type":"model","model":"customcrops:item/crops/chinese_cabbage/stage_2"}},{"threshold":10052,"model":{"type":"model","model":"customcrops:item/crops/chinese_cabbage/stage_3"}},{"threshold":10053,"model":{"type":"model","model":"customcrops:item/crops/chinese_cabbage/stage_4"}},{"threshold":10054,"model":{"type":"model","model":"customcrops:item/crops/chinese_cabbage/chinese_cabbage_seeds"}},{"threshold":10055,"model":{"type":"model","model":"customcrops:item/fertilizers/speed_grow_1"}},{"threshold":10056,"model":{"type":"model","model":"customcrops:item/fertilizers/speed_grow_2"}},{"threshold":10057,"model":{"type":"model","model":"customcrops:item/fertilizers/speed_grow_3"}},{"threshold":10058,"model":{"type":"model","model":"customcrops:item/fertilizers/soil_retain_1"}},{"threshold":10059,"model":{"type":"model","model":"customcrops:item/fertilizers/soil_retain_2"}},{"threshold":10060,"model":{"type":"model","model":"customcrops:item/fertilizers/soil_retain_3"}},{"threshold":10061,"model":{"type":"model","model":"customcrops:item/fertilizers/quality_1"}},{"threshold":10062,"model":{"type":"model","model":"customcrops:item/fertilizers/quality_2"}},{"threshold":10063,"model":{"type":"model","model":"customcrops:item/fertilizers/quality_3"}},{"threshold":10064,"model":{"type":"model","model":"customcrops:item/fertilizers/yield_increase_1"}},{"threshold":10065,"model":{"type":"model","model":"customcrops:item/fertilizers/yield_increase_2"}},{"threshold":10066,"model":{"type":"model","model":"customcrops:item/fertilizers/yield_increase_3"}},{"threshold":10067,"model":{"type":"model","model":"customcrops:item/fertilizers/variation_1"}},{"threshold":10068,"model":{"type":"model","model":"customcrops:item/fertilizers/variation_2"}},{"threshold":10069,"model":{"type":"model","model":"customcrops:item/fertilizers/variation_3"}},{"threshold":10070,"model":{"type":"model","model":"customcrops:item/crops/apple/stage_1"}},{"threshold":10071,"model":{"type":"model","model":"customcrops:item/crops/apple/stage_2"}},{"threshold":10072,"model":{"type":"model","model":"customcrops:item/crops/apple/stage_3"}},{"threshold":10073,"model":{"type":"model","model":"customcrops:item/crops/apple/stage_4"}},{"threshold":10074,"model":{"type":"model","model":"customcrops:item/crops/apple/stage_5"}},{"threshold":10075,"model":{"type":"model","model":"customcrops:item/crops/apple/stage_6"}},{"threshold":10076,"model":{"type":"model","model":"customcrops:item/crops/pepper/stage_1"}},{"threshold":10077,"model":{"type":"model","model":"customcrops:item/crops/pepper/stage_2"}},{"threshold":10078,"model":{"type":"model","model":"customcrops:item/crops/pepper/stage_3"}},{"threshold":10079,"model":{"type":"model","model":"customcrops:item/crops/pepper/stage_4"}},{"threshold":10080,"model":{"type":"model","model":"customcrops:item/crops/pepper/stage_5"}},{"threshold":10081,"model":{"type":"model","model":"customcrops:item/crops/pepper/pepper_seeds"}},{"threshold":10082,"model":{"type":"model","model":"customcrops:item/crops/redpacket/stage_1"}},{"threshold":10083,"model":{"type":"model","model":"customcrops:item/crops/redpacket/stage_2"}},{"threshold":10084,"model":{"type":"model","model":"customcrops:item/crops/redpacket/stage_3"}},{"threshold":10085,"model":{"type":"model","model":"customcrops:item/crops/redpacket/stage_4"}},{"threshold":10086,"model":{"type":"model","model":"customcrops:item/crops/redpacket/stage_5"}},{"threshold":10087,"model":{"type":"model","model":"customcrops:item/crops/redpacket/stage_6"}},{"threshold":10088,"model":{"type":"model","model":"customcrops:item/crops/redpacket/redpacket_seeds"}},{"threshold":10089,"model":{"type":"model","model":"customcrops:item/crops/redpacket/redpacket"}},{"threshold":10090,"model":{"type":"model","model":"customcrops:item/basics/dry_pot"}},{"threshold":10091,"model":{"type":"model","model":"customcrops:item/basics/wet_pot"}},{"threshold":10092,"model":{"type":"model","model":"customcrops:item/basics/crow_stand"}},{"threshold":10093,"model":{"type":"model","model":"customcrops:item/basics/crow_fly"}},{"threshold":10094,"model":{"type":"model","model":"customcrops:item/basics/scarecrow"}},{"threshold":10095,"model":{"type":"model","model":"customcrops:item/basics/greenhouse_glass"}},{"threshold":10096,"model":{"type":"model","model":"customcrops:item/basics/dead_crop"}},{"threshold":10097,"model":{"type":"model","model":"customcrops:item/basics/soil_surveyor"}},{"threshold":10098,"model":{"type":"model","model":"customcrops:item/crops/garlic/stage_1"}},{"threshold":10099,"model":{"type":"model","model":"customcrops:item/crops/garlic/stage_2"}},{"threshold":10100,"model":{"type":"model","model":"customcrops:item/crops/garlic/stage_3"}},{"threshold":10101,"model":{"type":"model","model":"customcrops:item/crops/garlic/stage_4"}},{"threshold":10102,"model":{"type":"model","model":"customcrops:item/crops/garlic/garlic_seeds"}},{"threshold":10103,"model":{"type":"model","model":"customcrops:item/sprinklers/water_effect"}},{"threshold":10104,"model":{"type":"model","model":"customcrops:item/sprinklers/sprinkler_1"}},{"threshold":10105,"model":{"type":"model","model":"customcrops:item/sprinklers/sprinkler_1_item"}},{"threshold":10106,"model":{"type":"model","model":"customcrops:item/sprinklers/sprinkler_2"}},{"threshold":10107,"model":{"type":"model","model":"customcrops:item/sprinklers/sprinkler_2_item"}},{"threshold":10108,"model":{"type":"model","model":"customcrops:item/sprinklers/sprinkler_3"}},{"threshold":10109,"model":{"type":"model","model":"customcrops:item/sprinklers/sprinkler_3_item"}},{"threshold":10110,"model":{"type":"model","model":"customcrops:item/crops/corn/stage_1"}},{"threshold":10111,"model":{"type":"model","model":"customcrops:item/crops/corn/stage_2"}},{"threshold":10112,"model":{"type":"model","model":"customcrops:item/crops/corn/stage_3"}},{"threshold":10113,"model":{"type":"model","model":"customcrops:item/crops/corn/stage_4"}},{"threshold":10114,"model":{"type":"model","model":"customcrops:item/crops/corn/corn_seeds"}},{"threshold":10115,"model":{"type":"model","model":"motor_returnscroll:item/ia_auto/returnscroll"}},{"threshold":10116,"model":{"type":"model","model":"shop_common:item/ia_auto/blank"}},{"threshold":10117,"model":{"type":"model","model":"encbook:item/ia_auto/blank"}},{"threshold":10118,"model":{"type":"model","model":"encbook:item/ia_auto/completed"}},{"threshold":10119,"model":{"type":"model","model":"random:item/ia_auto/blank"}},{"threshold":10120,"model":{"type":"model","model":"random:item/ia_auto/random_restyle_blue"}},{"threshold":10121,"model":{"type":"model","model":"random:item/ia_auto/random_restyle_yellow"}},{"threshold":10122,"model":{"type":"model","model":"random:item/ia_auto/random_restyle_red"}},{"threshold":10123,"model":{"type":"model","model":"random:item/ia_auto/randombox_1"}},{"threshold":10124,"model":{"type":"model","model":"random:item/ia_auto/randombox_2"}},{"threshold":10125,"model":{"type":"model","model":"random:item/ia_auto/randombox_3"}},{"threshold":10126,"model":{"type":"model","model":"random:item/ia_auto/randombox_4"}},{"threshold":10127,"model":{"type":"model","model":"random:item/ia_auto/randombox_5"}},{"threshold":10128,"model":{"type":"model","model":"random:item/ia_auto/randombox_1_1"}},{"threshold":10129,"model":{"type":"model","model":"random:item/ia_auto/randombox_2_1"}},{"threshold":10130,"model":{"type":"model","model":"random:item/ia_auto/randombox_3_1"}},{"threshold":10131,"model":{"type":"model","model":"random:item/ia_auto/randombox_4_1"}},{"threshold":10132,"model":{"type":"model","model":"random:item/ia_auto/randombox_5_1"}},{"threshold":10133,"model":{"type":"model","model":"random:item/ia_auto/randombox_get"}},{"threshold":10134,"model":{"type":"model","model":"random:item/ia_auto/randombox_up"}},{"threshold":10135,"model":{"type":"model","model":"pickup:item/ia_auto/blank"}},{"threshold":10136,"model":{"type":"model","model":"pickup:item/ia_auto/blocked"}},{"threshold":10137,"model":{"type":"model","model":"pickup:item/ia_auto/pickup_restyle_blue"}},{"threshold":10138,"model":{"type":"model","model":"pickup:item/ia_auto/pickup_restyle_yellow"}},{"threshold":10139,"model":{"type":"model","model":"pickup:item/ia_auto/pickup_restyle_red"}},{"threshold":10140,"model":{"type":"model","model":"pickup:item/ia_auto/pickup_blue"}},{"threshold":10141,"model":{"type":"model","model":"pickup:item/ia_auto/pickup_green"}},{"threshold":10142,"model":{"type":"model","model":"pickup:item/ia_auto/pickup_red"}},{"threshold":10143,"model":{"type":"model","model":"pickup:item/ia_auto/pickup_royal"}},{"threshold":10144,"model":{"type":"model","model":"pickup:item/ia_auto/pickup_white"}},{"threshold":10145,"model":{"type":"model","model":"pickup:item/ia_auto/pickup_yellow"}},{"threshold":10146,"model":{"type":"model","model":"package:item/ia_auto/blank"}},{"threshold":10147,"model":{"type":"model","model":"package:item/ia_auto/package_restyle_blue"}},{"threshold":10148,"model":{"type":"model","model":"package:item/ia_auto/package_restyle_yellow"}},{"threshold":10149,"model":{"type":"model","model":"package:item/ia_auto/package_restyle_red"}},{"threshold":10150,"model":{"type":"model","model":"package:item/ia_auto/package_blue"}},{"threshold":10151,"model":{"type":"model","model":"package:item/ia_auto/package_green"}},{"threshold":10152,"model":{"type":"model","model":"package:item/ia_auto/package_red"}},{"threshold":10153,"model":{"type":"model","model":"package:item/ia_auto/package_royal"}},{"threshold":10154,"model":{"type":"model","model":"package:item/ia_auto/package_white"}},{"threshold":10155,"model":{"type":"model","model":"package:item/ia_auto/package_yellow"}},{"threshold":49998,"model":{"type":"model","model":"customfishing:item/util/splash_water"}},{"threshold":49999,"model":{"type":"model","model":"customfishing:item/util/splash_lava"}},{"threshold":50000,"model":{"type":"model","model":"customfishing:item/util/fishfinder"}},{"threshold":50001,"model":{"type":"model","model":"customfishing:item/bait/simple_bait"}},{"threshold":50002,"model":{"type":"model","model":"customfishing:item/bait/magnetic_bait"}},{"threshold":50003,"model":{"type":"model","model":"customfishing:item/bait/wild_bait"}},{"threshold":50004,"model":{"type":"model","model":"item/paper"}}]},"oversized_in_gui":true}