{"textures​":{"3":"\u0063\u0075\u0073\u0074\u006f\u006d\u0063\u0072\u006f\u0070\u0073:\u0069\u0074\u0065\u006d/\u0063\u0072\u006f\u0070\u0073/\u0065\u0067\u0067\u0070\u006c\u0061\u006e\u0074/\u0073\u0074\u0061\u0067\u0065_4","\u0070\u0061\u0072\u0074\u0069\u0063\u006c\u0065":"\u0063\u0075\u0073\u0074\u006f\u006d\u0063\u0072\u006f\u0070\u0073:\u0069\u0074\u0065\u006d/\u0063\u0072\u006f\u0070\u0073/\u0065\u0067\u0067\u0070\u006c\u0061\u006e\u0074/\u0073\u0074\u0061\u0067\u0065_4"},"credit":"momirealms","texture_size":[64,64],"\u0074\u0065\u0078\u0074\u0075\u0072\u0065\u0073":{"3":"\u0063\u0075\u0073\u0074\u006f\u006d\u0063\u0072\u006f\u0070\u0073:\u0069\u0074\u0065\u006d/\u0063\u0072\u006f\u0070\u0073/\u0065\u0067\u0067\u0070\u006c\u0061\u006e\u0074/\u0073\u0074\u0061\u0067\u0065_4","\u0070\u0061\u0072\u0074\u0069\u0063\u006c\u0065":"\u0063\u0075\u0073\u0074\u006f\u006d\u0063\u0072\u006f\u0070\u0073:\u0069\u0074\u0065\u006d/\u0063\u0072\u006f\u0070\u0073/\u0065\u0067\u0067\u0070\u006c\u0061\u006e\u0074/\u0073\u0074\u0061\u0067\u0065_4"},"elements":[{"from":[8.57402,0,1.50818],"to":[8.57402,16,17.50818],"rotation":{"angle":0,"axis":"y","origin":[8.57402,8,9.00818]},"faces":{"north":{"uv":[0,0,0,4],"texture":"#3"},"east":{"uv":[4,0,0,4],"texture":"#3"},"south":{"uv":[0,0,0,4],"texture":"#3"},"west":{"uv":[0,0,4,4],"texture":"#3"},"up":{"uv":[0,0,4,0],"rotation":270,"texture":"#3"},"down":{"uv":[0,0,4,0],"rotation":90,"texture":"#3"}}},{"from":[0.57402,0,9.00818],"to":[16.57402,16,9.00818],"faces":{"north":{"uv":[4,0,0,4],"texture":"#3"},"east":{"uv":[0,0,0,4],"texture":"#3"},"south":{"uv":[0,0,4,4],"texture":"#3"},"west":{"uv":[0,0,0,4],"texture":"#3"},"up":{"uv":[0,0,4,0],"rotation":180,"texture":"#3"},"down":{"uv":[0,0,4,0],"rotation":180,"texture":"#3"}}},{"from":[6.8,0,-5],"to":[6.8,16,11],"rotation":{"angle":-45,"axis":"y","origin":[0.4,8,8]},"faces":{"north":{"uv":[0,0,0,4],"texture":"#3"},"east":{"uv":[4.75,0,8.75,4],"texture":"#3"},"south":{"uv":[0,0,0,4],"texture":"#3"},"west":{"uv":[4.75,0,8.75,4],"texture":"#3"},"up":{"uv":[0,0,0,4],"texture":"#3"},"down":{"uv":[0,0,0,4],"texture":"#3"}}},{"from":[8.46102,0,0.98995],"to":[8.46102,16,16.98995],"rotation":{"angle":45,"axis":"y","origin":[8.46102,8,8.98995]},"faces":{"north":{"uv":[0,0,0,4],"texture":"#3"},"east":{"uv":[4.75,0,8.75,4],"texture":"#3"},"south":{"uv":[0,0,0,4],"texture":"#3"},"west":{"uv":[4.75,0,8.75,4],"texture":"#3"},"up":{"uv":[0,0,0,4],"texture":"#3"},"down":{"uv":[0,0,0,4],"texture":"#3"}}},{"from":[3.67696,5,6.12254],"to":[7.67696,11,6.12254],"rotation":{"angle":-45,"axis":"y","origin":[5.67696,8,6.22254]},"faces":{"north":{"uv":[1,6,0,7.5],"texture":"#3"},"east":{"uv":[0,0,0,1.5],"texture":"#3"},"south":{"uv":[1.75,6.25,2.75,7.75],"texture":"#3"},"west":{"uv":[0,0,0,1.5],"texture":"#3"},"up":{"uv":[0,0,1,0],"texture":"#3"},"down":{"uv":[0,0,1,0],"texture":"#3"}}},{"from":[13.56038,1,9.02228],"to":[17.56038,5,9.02228],"rotation":{"angle":0,"axis":"y","origin":[13.16038,8,9.32228]},"faces":{"north":{"uv":[1.75,6.25,2.75,7.25],"texture":"#3"},"east":{"uv":[1.75,6.25,2.75,7.25],"texture":"#3"},"south":{"uv":[2.75,6.25,1.75,7.25],"texture":"#3"},"west":{"uv":[1.75,6.25,2.75,7.25],"texture":"#3"},"up":{"uv":[1.75,6.25,2.75,7.25],"texture":"#3"},"down":{"uv":[1.75,6.25,2.75,7.25],"texture":"#3"}}},{"from":[0.91924,6,9.08026],"to":[2.91924,9,9.08026],"rotation":{"angle":0,"axis":"z","origin":[2.91924,8,8.98026]},"faces":{"north":{"uv":[2.75,6.25,1.75,7.75],"texture":"#3"},"east":{"uv":[1.75,6.25,2.75,7.75],"texture":"#3"},"south":{"uv":[1.75,6.25,2.75,7.75],"texture":"#3"},"west":{"uv":[1.75,6.25,2.75,7.75],"texture":"#3"},"up":{"uv":[1.75,6.25,2.75,7.75],"texture":"#3"},"down":{"uv":[1.75,6.25,2.75,7.75],"texture":"#3"}}},{"from":[-1.03295,4.1,19.24716],"to":[2.96705,11.1,19.24716],"rotation":{"angle":45,"axis":"y","origin":[-4.23295,5.5,13.64716]},"faces":{"north":{"uv":[1,5.75,0,7.5],"texture":"#3"},"east":{"uv":[0,5.25,1,7.5],"texture":"#3"},"south":{"uv":[0,5.5,1,7.5],"texture":"#3"},"west":{"uv":[0,5.25,1,7.5],"texture":"#3"},"up":{"uv":[0,5.25,1,7.5],"rotation":270,"texture":"#3"},"down":{"uv":[0,5.25,1,7.5],"rotation":90,"texture":"#3"}}},{"from":[8.66655,4.4,-0.55233],"to":[8.66655,11.4,3.44767],"rotation":{"angle":0,"axis":"y","origin":[5.66655,5.5,3.74767]},"faces":{"north":{"uv":[0,5.25,1,7.5],"texture":"#3"},"east":{"uv":[1,5.25,0,7.5],"texture":"#3"},"south":{"uv":[0,5.25,1,7.5],"texture":"#3"},"west":{"uv":[0,5.5,1,7.5],"texture":"#3"},"up":{"uv":[0,5.25,1,7.5],"texture":"#3"},"down":{"uv":[0,5.25,1,7.5],"texture":"#3"}}},{"from":[11.36655,4.4,0.44767],"to":[11.36655,11.4,4.44767],"rotation":{"angle":-45,"axis":"y","origin":[5.66655,5.5,3.74767]},"faces":{"north":{"uv":[3.25,5.5,4.25,7.5],"texture":"#3"},"east":{"uv":[4.25,5.5,3.25,7.5],"texture":"#3"},"south":{"uv":[3.25,5.5,4.25,7.5],"texture":"#3"},"west":{"uv":[3.25,5.5,4.25,7.5],"texture":"#3"},"up":{"uv":[3.25,5.5,4.25,7.5],"texture":"#3"},"down":{"uv":[3.25,5.5,4.25,7.5],"texture":"#3"}}},{"from":[9.2163,4.8,7.35894],"to":[13.2163,11.8,7.35894],"rotation":{"angle":-45,"axis":"y","origin":[10.6163,7.9,6.85894]},"faces":{"north":{"uv":[3.25,5.5,4.25,7.5],"texture":"#3"},"east":{"uv":[3.25,5.5,4.25,7.5],"texture":"#3"},"south":{"uv":[3.25,5.5,4.25,7.5],"texture":"#3"},"west":{"uv":[3.25,5.5,4.25,7.5],"texture":"#3"},"up":{"uv":[3.25,5.5,4.25,7.5],"rotation":90,"texture":"#3"},"down":{"uv":[3.25,5.5,4.25,7.5],"rotation":270,"texture":"#3"}}},{"from":[11.2163,4.8,12.35894],"to":[15.2163,11.8,12.35894],"rotation":{"angle":-45,"axis":"y","origin":[10.6163,7.9,6.85894]},"faces":{"north":{"uv":[3.25,5.5,4.25,7.5],"texture":"#3"},"east":{"uv":[3.25,5.5,4.25,7.5],"texture":"#3"},"south":{"uv":[3.25,5.5,4.25,7.5],"texture":"#3"},"west":{"uv":[3.25,5.5,4.25,7.5],"texture":"#3"},"up":{"uv":[3.25,5.5,4.25,7.5],"rotation":90,"texture":"#3"},"down":{"uv":[3.25,5.5,4.25,7.5],"rotation":270,"texture":"#3"}}},{"from":[14.36655,4.4,5.44767],"to":[14.36655,11.4,9.44767],"rotation":{"angle":-45,"axis":"y","origin":[5.66655,5.5,3.74767]},"faces":{"north":{"uv":[3.25,5.5,4.25,7.5],"texture":"#3"},"east":{"uv":[4.25,5.5,3.25,7.5],"texture":"#3"},"south":{"uv":[3.25,5.5,4.25,7.5],"texture":"#3"},"west":{"uv":[3.25,5.5,4.25,7.5],"texture":"#3"},"up":{"uv":[3.25,5.5,4.25,7.5],"texture":"#3"},"down":{"uv":[3.25,5.5,4.25,7.5],"texture":"#3"}}},{"from":[9.3052,2.8,12.32247],"to":[13.3052,9.8,12.32247],"rotation":{"angle":-45,"axis":"y","origin":[11.0052,6.1,14.67247]},"faces":{"north":{"uv":[3.25,5.5,4.25,7.5],"texture":"#3"},"east":{"uv":[3.25,5.5,4.25,7.5],"texture":"#3"},"south":{"uv":[3.25,5.5,4.25,7.5],"texture":"#3"},"west":{"uv":[3.25,5.5,4.25,7.5],"texture":"#3"},"up":{"uv":[3.25,5.5,4.25,7.5],"rotation":90,"texture":"#3"},"down":{"uv":[3.25,5.5,4.25,7.5],"rotation":270,"texture":"#3"}}},{"from":[10.7052,2.4,9.82247],"to":[10.7052,9.4,13.82247],"rotation":{"angle":-45,"axis":"y","origin":[11.0052,6.1,14.67247]},"faces":{"north":{"uv":[3.25,5.5,4.25,7.5],"texture":"#3"},"east":{"uv":[4.25,5.5,3.25,7.5],"texture":"#3"},"south":{"uv":[3.25,5.5,4.25,7.5],"texture":"#3"},"west":{"uv":[3.25,5.5,4.25,7.5],"texture":"#3"},"up":{"uv":[3.25,5.5,4.25,7.5],"texture":"#3"},"down":{"uv":[3.25,5.5,4.25,7.5],"texture":"#3"}}},{"from":[7.0579,2.8,7.36977],"to":[11.0579,9.8,7.36977],"rotation":{"angle":-45,"axis":"y","origin":[14.2579,6.1,11.41977]},"faces":{"north":{"uv":[3.25,5.5,4.25,7.5],"texture":"#3"},"east":{"uv":[3.25,5.5,4.25,7.5],"texture":"#3"},"south":{"uv":[3.25,5.5,4.25,7.5],"texture":"#3"},"west":{"uv":[3.25,5.5,4.25,7.5],"texture":"#3"},"up":{"uv":[3.25,5.5,4.25,7.5],"rotation":90,"texture":"#3"},"down":{"uv":[3.25,5.5,4.25,7.5],"rotation":270,"texture":"#3"}}},{"from":[8.4579,2.4,4.86977],"to":[8.4579,9.4,8.86977],"rotation":{"angle":-45,"axis":"y","origin":[14.2579,6.1,11.41977]},"faces":{"north":{"uv":[3.25,5.5,4.25,7.5],"texture":"#3"},"east":{"uv":[4.25,5.5,3.25,7.5],"texture":"#3"},"south":{"uv":[3.25,5.5,4.25,7.5],"texture":"#3"},"west":{"uv":[3.25,5.5,4.25,7.5],"texture":"#3"},"up":{"uv":[3.25,5.5,4.25,7.5],"texture":"#3"},"down":{"uv":[3.25,5.5,4.25,7.5],"texture":"#3"}}}],"gui_light":"front","display":{"fixed":{"rotation":[-90,0,0],"translation":[0,0,-16],"scale":[2,2,2]}}}