{"providers":[{"file":"encbook:encbook_open_1.png","chars":[""],"height":256,"ascent":134,"type":"bitmap"},{"file":"encbook:encbook_open_2.png","chars":[""],"height":256,"ascent":134,"type":"bitmap"},{"file":"encbook:encbook_open_3.png","chars":[""],"height":256,"ascent":134,"type":"bitmap"},{"file":"encbook:encbook_open_4.png","chars":[""],"height":256,"ascent":134,"type":"bitmap"},{"file":"encbook:encbook_open_5.png","chars":[""],"height":256,"ascent":134,"type":"bitmap"},{"file":"encbook:encbook_setup_open_1.png","chars":[""],"height":256,"ascent":134,"type":"bitmap"},{"file":"encbook:encbook_setup_open_2.png","chars":[""],"height":256,"ascent":134,"type":"bitmap"},{"file":"encbook:encbook_setup_open_3.png","chars":[""],"height":256,"ascent":134,"type":"bitmap"},{"file":"encbook:encbook_setup_open_4.png","chars":[""],"height":256,"ascent":134,"type":"bitmap"},{"file":"encbook:encbook_setup_open_5.png","chars":[""],"height":256,"ascent":134,"type":"bitmap"},{"file":"encbook:encbook_setup_categori_1.png","chars":[""],"height":256,"ascent":134,"type":"bitmap"},{"file":"encbook:encbook_setup_categori_2.png","chars":[""],"height":256,"ascent":134,"type":"bitmap"},{"file":"encbook:encbook_setup_categori_3.png","chars":[""],"height":256,"ascent":134,"type":"bitmap"},{"file":"encbook:encbook_setup_categori_4.png","chars":[""],"height":256,"ascent":134,"type":"bitmap"},{"file":"encbook:encbook_setup_categori_5.png","chars":[""],"height":256,"ascent":134,"type":"bitmap"},{"file":"encbook:encbook_reward.png","chars":[""],"height":256,"ascent":134,"type":"bitmap"},{"file":"encbook:encbook_reward_preview.png","chars":[""],"height":256,"ascent":134,"type":"bitmap"},{"file":"encbook:encbook_setup_reward_1.png","chars":[""],"height":256,"ascent":134,"type":"bitmap"},{"file":"encbook:encbook_setup_reward_2.png","chars":[""],"height":256,"ascent":134,"type":"bitmap"},{"file":"_iainternal:gui/no_recipe.png","chars":[""],"height":170,"ascent":47,"type":"bitmap"},{"file":"_iainternal:gui/crafting.png","chars":[""],"height":170,"ascent":47,"type":"bitmap"},{"file":"_iainternal:gui/cooking.png","chars":[""],"height":170,"ascent":47,"type":"bitmap"},{"file":"_iainternal:gui/blank_menu.png","chars":[""],"height":170,"ascent":47,"type":"bitmap"},{"file":"_iainternal:gui/anvil_repair.png","chars":[""],"height":170,"ascent":47,"type":"bitmap"},{"file":"_iainternal:gui/smithing.png","chars":[""],"height":170,"ascent":47,"type":"bitmap"},{"file":"random:gui/random_menu.png","chars":[""],"height":256,"ascent":135,"type":"bitmap"},{"file":"random:gui/random_preview.png","chars":[""],"height":256,"ascent":121,"type":"bitmap"},{"file":"random:gui/random_loading.png","chars":[""],"height":256,"ascent":121,"type":"bitmap"},{"file":"random:gui/left_mouse_button.png","chars":["ɔ"],"height":9,"ascent":7,"type":"bitmap"},{"file":"random:gui/right_mouse_button.png","chars":["Ϡ"],"height":9,"ascent":7,"type":"bitmap"},{"file":"random:gui/shift.png","chars":["ʯ"],"height":9,"ascent":7,"type":"bitmap"},{"file":"random:gui/wheel.png","chars":["ă"],"height":9,"ascent":7,"type":"bitmap"},{"file":"random:gui/f.png","chars":["Ĝ"],"height":9,"ascent":7,"type":"bitmap"},{"file":"random:gui/q.png","chars":["ʍ"],"height":9,"ascent":7,"type":"bitmap"},{"file":"pickup:gui/pickup_menu.png","chars":[""],"height":256,"ascent":135,"type":"bitmap"},{"file":"pickup:gui/pickup_open.png","chars":[""],"height":256,"ascent":135,"type":"bitmap"},{"file":"pickup:gui/pickup_setup.png","chars":[""],"height":256,"ascent":135,"type":"bitmap"},{"file":"pickup:gui/left_mouse_button.png","chars":["ɔ"],"height":9,"ascent":7,"type":"bitmap"},{"file":"pickup:gui/right_mouse_button.png","chars":["Ϡ"],"height":9,"ascent":7,"type":"bitmap"},{"file":"pickup:gui/shift.png","chars":["ʯ"],"height":9,"ascent":7,"type":"bitmap"},{"file":"pickup:gui/wheel.png","chars":["ă"],"height":9,"ascent":7,"type":"bitmap"},{"file":"pickup:gui/f.png","chars":["Ĝ"],"height":9,"ascent":7,"type":"bitmap"},{"file":"pickup:gui/q.png","chars":["ʍ"],"height":9,"ascent":7,"type":"bitmap"},{"file":"shop_common:number_format/num_0.png","chars":[""],"height":16,"ascent":0,"type":"bitmap"},{"file":"shop_common:number_format/num_1.png","chars":[""],"height":16,"ascent":0,"type":"bitmap"},{"file":"shop_common:number_format/num_2.png","chars":[""],"height":16,"ascent":0,"type":"bitmap"},{"file":"shop_common:number_format/num_3.png","chars":[""],"height":16,"ascent":0,"type":"bitmap"},{"file":"shop_common:number_format/num_4.png","chars":[""],"height":16,"ascent":0,"type":"bitmap"},{"file":"shop_common:number_format/num_5.png","chars":[""],"height":16,"ascent":0,"type":"bitmap"},{"file":"shop_common:number_format/num_6.png","chars":[""],"height":16,"ascent":0,"type":"bitmap"},{"file":"shop_common:number_format/num_7.png","chars":[""],"height":16,"ascent":0,"type":"bitmap"},{"file":"shop_common:number_format/num_8.png","chars":[""],"height":16,"ascent":0,"type":"bitmap"},{"file":"shop_common:number_format/num_9.png","chars":[""],"height":16,"ascent":0,"type":"bitmap"},{"file":"shop_common:number_format/num_point.png","chars":[""],"height":16,"ascent":0,"type":"bitmap"},{"file":"shop_common:button_guide/left_mouse_button.png","chars":["ɔ"],"height":9,"ascent":7,"type":"bitmap"},{"file":"shop_common:button_guide/right_mouse_button.png","chars":["Ϡ"],"height":9,"ascent":7,"type":"bitmap"},{"file":"shop_common:button_guide/shift.png","chars":["ʯ"],"height":9,"ascent":7,"type":"bitmap"},{"file":"shop_common:button_guide/wheel.png","chars":["ă"],"height":9,"ascent":7,"type":"bitmap"},{"file":"shop_common:button_guide/f.png","chars":["Ĝ"],"height":9,"ascent":7,"type":"bitmap"},{"file":"package:gui/package_open.png","chars":[""],"height":256,"ascent":135,"type":"bitmap"},{"file":"package:gui/package_set.png","chars":[""],"height":256,"ascent":135,"type":"bitmap"},{"file":"package:gui/package_menu.png","chars":[""],"height":256,"ascent":135,"type":"bitmap"},{"file":"package:gui/left_mouse_button.png","chars":["ɔ"],"height":9,"ascent":7,"type":"bitmap"},{"file":"package:gui/right_mouse_button.png","chars":["Ϡ"],"height":9,"ascent":7,"type":"bitmap"},{"file":"package:gui/shift.png","chars":["ʯ"],"height":9,"ascent":7,"type":"bitmap"},{"file":"package:gui/wheel.png","chars":["ă"],"height":9,"ascent":7,"type":"bitmap"},{"file":"package:gui/f.png","chars":["Ĝ"],"height":9,"ascent":7,"type":"bitmap"},{"file":"package:gui/q.png","chars":["ʍ"],"height":9,"ascent":7,"type":"bitmap"},{"file":"_iainternal:hud/small_cooldown_bar/0.png","chars":[""],"height":22,"ascent":-42,"type":"bitmap"},{"file":"_iainternal:hud/small_cooldown_bar/1.png","chars":[""],"height":22,"ascent":-42,"type":"bitmap"},{"file":"_iainternal:hud/small_cooldown_bar/2.png","chars":[""],"height":22,"ascent":-42,"type":"bitmap"},{"file":"_iainternal:hud/small_cooldown_bar/3.png","chars":[""],"height":22,"ascent":-42,"type":"bitmap"},{"file":"_iainternal:hud/small_cooldown_bar/4.png","chars":[""],"height":22,"ascent":-42,"type":"bitmap"},{"file":"_iainternal:hud/small_cooldown_bar/5.png","chars":[""],"height":22,"ascent":-42,"type":"bitmap"},{"file":"_iainternal:hud/small_cooldown_bar/6.png","chars":[""],"height":22,"ascent":-42,"type":"bitmap"},{"file":"_iainternal:hud/small_cooldown_bar/7.png","chars":[""],"height":22,"ascent":-42,"type":"bitmap"},{"file":"_iainternal:hud/small_cooldown_bar/8.png","chars":[""],"height":22,"ascent":-42,"type":"bitmap"},{"file":"_iainternal:hud/small_cooldown_bar/9.png","chars":[""],"height":22,"ascent":-42,"type":"bitmap"},{"file":"_iainternal:hud/small_cooldown_bar/10.png","chars":[""],"height":22,"ascent":-42,"type":"bitmap"},{"file":"_iainternal:hud/small_cooldown_bar/11.png","chars":[""],"height":22,"ascent":-42,"type":"bitmap"},{"file":"_iainternal:hud/small_cooldown_bar/12.png","chars":[""],"height":22,"ascent":-42,"type":"bitmap"},{"file":"_iainternal:hud/small_cooldown_bar/13.png","chars":[""],"height":22,"ascent":-42,"type":"bitmap"},{"file":"_iainternal:hud/small_cooldown_bar/14.png","chars":[""],"height":22,"ascent":-42,"type":"bitmap"},{"file":"_iainternal:hud/small_cooldown_bar/15.png","chars":[""],"height":22,"ascent":-42,"type":"bitmap"},{"file":"_iainternal:hud/small_cooldown_bar/16.png","chars":[""],"height":22,"ascent":-42,"type":"bitmap"},{"file":"_iainternal:hud/small_cooldown_bar/17.png","chars":[""],"height":22,"ascent":-42,"type":"bitmap"},{"file":"_iainternal:hud/small_cooldown_bar/18.png","chars":[""],"height":22,"ascent":-42,"type":"bitmap"},{"file":"_iainternal:hud/small_cooldown_bar/19.png","chars":[""],"height":22,"ascent":-42,"type":"bitmap"},{"file":"_iainternal:hud/small_cooldown_bar/20.png","chars":[""],"height":22,"ascent":-42,"type":"bitmap"},{"file":"shop:mpshop/mpshop_open.png","chars":[""],"height":256,"ascent":118,"type":"bitmap"},{"file":"shop:mpshop/mpshop_list.png","chars":[""],"height":256,"ascent":118,"type":"bitmap"},{"file":"shop:mpshop/mpshop_set_item.png","chars":[""],"height":256,"ascent":118,"type":"bitmap"},{"file":"shop:mpshop/mpshop_set_price.png","chars":[""],"height":256,"ascent":118,"type":"bitmap"},{"file":"char/black.png","chars":[""],"height":1,"ascent":-5000,"type":"bitmap"},{"file":"char/black.png","chars":[""],"height":2,"ascent":-5000,"type":"bitmap"},{"file":"char/black.png","chars":[""],"height":3,"ascent":-5000,"type":"bitmap"},{"file":"char/black.png","chars":[""],"height":4,"ascent":-5000,"type":"bitmap"},{"file":"char/black.png","chars":[""],"height":5,"ascent":-5000,"type":"bitmap"},{"file":"char/black.png","chars":[""],"height":6,"ascent":-5000,"type":"bitmap"},{"file":"char/black.png","chars":[""],"height":7,"ascent":-5000,"type":"bitmap"},{"file":"char/black.png","chars":[""],"height":15,"ascent":-5000,"type":"bitmap"},{"file":"char/black.png","chars":[""],"height":31,"ascent":-5000,"type":"bitmap"},{"file":"char/black.png","chars":[""],"height":63,"ascent":-5000,"type":"bitmap"},{"file":"char/black.png","chars":[""],"height":127,"ascent":-5000,"type":"bitmap"},{"file":"char/black.png","chars":[""],"height":256,"ascent":-5000,"type":"bitmap"},{"file":"char/black.png","chars":[""],"height":512,"ascent":-5000,"type":"bitmap"},{"file":"char/black.png","chars":[""],"height":1024,"ascent":-5000,"type":"bitmap"},{"file":"char/black.png","chars":[""],"height":-3,"ascent":-5000,"type":"bitmap"},{"file":"char/black.png","chars":[""],"height":-4,"ascent":-5000,"type":"bitmap"},{"file":"char/black.png","chars":[""],"height":-5,"ascent":-5000,"type":"bitmap"},{"file":"char/black.png","chars":[""],"height":-6,"ascent":-5000,"type":"bitmap"},{"file":"char/black.png","chars":[""],"height":-7,"ascent":-5000,"type":"bitmap"},{"file":"char/black.png","chars":[""],"height":-8,"ascent":-5000,"type":"bitmap"},{"file":"char/black.png","chars":[""],"height":-9,"ascent":-5000,"type":"bitmap"},{"file":"char/black.png","chars":[""],"height":-10,"ascent":-5000,"type":"bitmap"},{"file":"char/black.png","chars":[""],"height":-18,"ascent":-5000,"type":"bitmap"},{"file":"char/black.png","chars":[""],"height":-34,"ascent":-5000,"type":"bitmap"},{"file":"char/black.png","chars":[""],"height":-66,"ascent":-5000,"type":"bitmap"},{"file":"char/black.png","chars":[""],"height":-130,"ascent":-5000,"type":"bitmap"},{"file":"char/black.png","chars":[""],"height":-259,"ascent":-5000,"type":"bitmap"},{"file":"char/black.png","chars":[""],"height":-515,"ascent":-5000,"type":"bitmap"},{"file":"char/black.png","chars":[""],"height":-1027,"ascent":-5000,"type":"bitmap"}],"gui_light":"front"}