{
    "model": {
      "type": "range_dispatch",
      "property": "custom_model_data",
      "entries": [
        {
          "threshold": 1,
          "model": {
            "type": "model",
            "model": "item/alamite"
          }
        },
        {
          "threshold": 2,
          "model": {
            "type": "model",
            "model": "item/baryte"
          }
        },
        {
          "threshold": 3,
          "model": {
            "type": "model",
            "model": "item/basalt"
          }
        },
        {
          "threshold": 4,
          "model": {
            "type": "model",
            "model": "item/bixite"
          }
        },
        {
          "threshold": 5,
          "model": {
            "type": "model",
            "model": "item/celestine"
          }
        },
        {
            "threshold": 6,
            "model": {
              "type": "model",
              "model": "item/dolomite"
            }
          },
          {
            "threshold": 7,
            "model": {
              "type": "model",
              "model": "item/fireopal"
            }
          },
          {
            "threshold": 8,
            "model": {
              "type": "model",
              "model": "item/fluorapatite"
            }
          },
          {
            "threshold": 9,
            "model": {
              "type": "model",
              "model": "item/geminite"
            }
          },
          {
            "threshold": 10,
            "model": {
              "type": "model",
              "model": "item/granite"
            }
          },
          {
            "threshold": 11,
            "model": {
              "type": "model",
              "model": "item/helvite"
            }
          },
          {
            "threshold": 12,
            "model": {
              "type": "model",
              "model": "item/jasper"
            }
          },
          {
            "threshold": 13,
            "model": {
              "type": "model",
              "model": "item/jagoite"
            }
          },
          {
            "threshold": 14,
            "model": {
              "type": "model",
              "model": "item/jamborite"
            }
          },
          {
            "threshold": 15,
            "model": {
              "type": "model",
              "model": "item/marble"
            }
          },
          {
            "threshold": 16,
            "model": {
              "type": "model",
              "model": "item/slate"
            }
          },
          {
            "threshold": 17,
            "model": {
              "type": "model",
              "model": "item/soapstone"
            }
          },
          {
            "threshold": 18,
            "model": {
              "type": "model",
              "model": "item/starshards"
            }
          },
          {
            "threshold": 19,
            "model": {
              "type": "model",
              "model": "item/opal"
            }
          },
          {
            "threshold": 20,
            "model": {
              "type": "model",
              "model": "item/pyrite"
            }
          },
          {
            "threshold": 21,
            "model": {
              "type": "model",
              "model": "item/sandstone"
            }
          },
          {
            "threshold": 22,
            "model": {
              "type": "model",
              "model": "item/neptunite"
            }
          },
          {
            "threshold": 23,
            "model": {
              "type": "model",
              "model": "item/aquamarine"
            }
          },
          {
            "threshold": 24,
            "model": {
              "type": "model",
              "model": "item/ruby"
            }
          },
          {
            "threshold": 25,
            "model": {
              "type": "model",
              "model": "item/topaz"
            }
          },
          {
            "threshold": 26,
            "model": {
              "type": "model",
              "model": "item/jade"
            }
          },
          {
            "threshold": 27,
            "model": {
              "type": "model",
              "model": "item/earthcrystal"
            }
          },
          {
            "threshold": 28,
            "model": {
              "type": "model",
              "model": "item/orpiment"
            }
          },
          {
            "threshold": 29,
            "model": {
              "type": "model",
              "model": "item/mudstone"
            }
          },
          {
            "threshold": 30,
            "model": {
              "type": "model",
              "model": "item/hematitle"
            }
          }
    ],
    "fallback": {
      "type": "model",
      "model": "item/copper_ingot"
    }
  }
}