{"textures​":{"layer0":"minecraft:item/oak_leaves"},"credit":"momirealms","texture_size":[48,32],"\u0074\u0065\u0078\u0074\u0075\u0072\u0065\u0073":{"0":"\u0063\u0075\u0073\u0074\u006f\u006d\u0063\u0072\u006f\u0070\u0073:\u0069\u0074\u0065\u006d/\u0063\u0072\u006f\u0070\u0073/\u0072\u0065\u0064\u0070\u0061\u0063\u006b\u0065\u0074/\u0073\u0074\u0061\u0067\u0065","1":"\u0063\u0075\u0073\u0074\u006f\u006d\u0063\u0072\u006f\u0070\u0073:\u0069\u0074\u0065\u006d/\u0063\u0072\u006f\u0070\u0073/\u0072\u0065\u0064\u0070\u0061\u0063\u006b\u0065\u0074/\u0066\u0075_\u0063\u0068\u0061\u0072\u0061\u0063\u0074\u0065\u0072","\u0070\u0061\u0072\u0074\u0069\u0063\u006c\u0065":"\u0063\u0075\u0073\u0074\u006f\u006d\u0063\u0072\u006f\u0070\u0073:\u0069\u0074\u0065\u006d/\u0063\u0072\u006f\u0070\u0073/\u0072\u0065\u0064\u0070\u0061\u0063\u006b\u0065\u0074/\u0073\u0074\u0061\u0067\u0065"},"elements":[{"from":[3,0.1,8],"to":[13,10.1,8],"rotation":{"angle":45,"axis":"y","origin":[8,-6,8]},"faces":{"north":{"uv":[12.66666,1,16,6],"texture":"#0"},"east":{"uv":[0,0,0,6],"texture":"#missing"},"south":{"uv":[16,1.5,13,6],"texture":"#0"},"west":{"uv":[0,0,0,6],"texture":"#missing"},"up":{"uv":[0,0,6,0],"texture":"#missing"},"down":{"uv":[0,0,6,0],"texture":"#missing"}}},{"from":[8,0.1,3],"to":[8,10.1,13],"rotation":{"angle":45,"axis":"y","origin":[8,-6,8]},"faces":{"north":{"uv":[0,0,0,6],"texture":"#missing"},"east":{"uv":[16,1.5,13,6],"texture":"#0"},"south":{"uv":[0,0,0,6],"texture":"#missing"},"west":{"uv":[12.66666,1,16,6],"texture":"#0"},"up":{"uv":[0,0,6,0],"rotation":270,"texture":"#missing"},"down":{"uv":[0,0,6,0],"rotation":90,"texture":"#missing"}}},{"from":[6,-11,-0.5],"to":[17,0,0],"rotation":{"angle":45,"axis":"z","origin":[12.5,-10.5,-0.5]},"faces":{"north":{"uv":[0,0,5.5,5.5],"texture":"#1"},"east":{"uv":[6,0,6.5,5.5],"texture":"#1"},"south":{"uv":[0,0,5.5,5.5],"texture":"#1"},"west":{"uv":[6,6,6.5,11.5],"texture":"#1"},"up":{"uv":[12.5,0.5,7,0],"texture":"#1"},"down":{"uv":[12.5,1,7,1.5],"texture":"#1"}}},{"from":[3.3,-12.25,16.55],"to":[12,-3.85,16.55],"rotation":{"angle":0,"axis":"y","origin":[10.5,-12,16.5]},"faces":{"north":{"uv":[0.5,0.5,11,13],"texture":"#0"},"east":{"uv":[12.5,15,16,16],"texture":"#0"},"south":{"uv":[0,4.5,5.83333,16],"texture":"#0"},"west":{"uv":[0.5,0.5,0.5,5.5],"texture":"#0"},"up":{"uv":[5.5,0.5,0.5,0.5],"rotation":180,"texture":"#0"},"down":{"uv":[10.5,0.5,5.5,0.5],"rotation":180,"texture":"#0"}}},{"from":[6,-12.5,16],"to":[17,-1.5,16.5],"rotation":{"angle":45,"axis":"z","origin":[10.5,-12,16.5]},"faces":{"north":{"uv":[0,0,5.5,5.5],"texture":"#1"},"east":{"uv":[6,6,6.5,11.5],"texture":"#1"},"south":{"uv":[0,0,5.5,5.5],"texture":"#1"},"west":{"uv":[6,0,6.5,5.5],"texture":"#1"},"up":{"uv":[12.5,0.5,7,0],"rotation":180,"texture":"#1"},"down":{"uv":[12.5,1,7,1.5],"rotation":180,"texture":"#1"}}},{"from":[16.55,-11.75,3.75],"to":[16.55,-3.35,12.45],"rotation":{"angle":0,"axis":"y","origin":[16.5,1,13.5]},"faces":{"north":{"uv":[12.5,15,16,16],"texture":"#0"},"east":{"uv":[0,4.5,5.83333,16],"texture":"#0"},"south":{"uv":[0.5,0.5,0.5,5.5],"texture":"#0"},"west":{"uv":[0.5,0.5,11,13],"texture":"#0"},"up":{"uv":[5.5,0.5,0.5,0.5],"rotation":90,"texture":"#0"},"down":{"uv":[10.5,0.5,5.5,0.5],"rotation":270,"texture":"#0"}}},{"from":[-0.5,-14.75,10.25],"to":[0,-3.75,21.25],"rotation":{"angle":45,"axis":"x","origin":[-0.5,1,13.5]},"faces":{"north":{"uv":[6.5,6,6,11.5],"texture":"#1"},"east":{"uv":[5.5,0,0,5.5],"texture":"#1"},"south":{"uv":[6.5,0,6,5.5],"texture":"#1"},"west":{"uv":[5.5,0,0,5.5],"texture":"#1"},"up":{"uv":[12.5,0,7,0.5],"rotation":90,"texture":"#1"},"down":{"uv":[12.5,1.5,7,1],"rotation":270,"texture":"#1"}}},{"from":[-0.55,-11.75,3.75],"to":[-0.55,-3.35,12.45],"rotation":{"angle":0,"axis":"y","origin":[-0.5,1,13.5]},"faces":{"north":{"uv":[16,15,12.5,16],"texture":"#0"},"east":{"uv":[11,0.5,0.5,13],"texture":"#0"},"south":{"uv":[0.5,0.5,0.5,5.5],"texture":"#0"},"west":{"uv":[0,4.5,5.83333,16],"texture":"#0"},"up":{"uv":[5.5,0.5,0.5,0.5],"rotation":90,"texture":"#0"},"down":{"uv":[10.5,0.5,5.5,0.5],"rotation":270,"texture":"#0"}}},{"from":[16,-14.75,10.25],"to":[16.5,-3.75,21.25],"rotation":{"angle":45,"axis":"x","origin":[16.5,1,13.5]},"faces":{"north":{"uv":[6,6,6.5,11.5],"texture":"#1"},"east":{"uv":[0,0,5.5,5.5],"texture":"#1"},"south":{"uv":[6,0,6.5,5.5],"texture":"#1"},"west":{"uv":[0,0,5.5,5.5],"texture":"#1"},"up":{"uv":[12.5,0.5,7,0],"rotation":90,"texture":"#1"},"down":{"uv":[12.5,1,7,1.5],"rotation":270,"texture":"#1"}}},{"from":[4,-11.75,-0.55],"to":[12.7,-3.35,-0.55],"rotation":{"angle":0,"axis":"y","origin":[12.5,-10.5,-0.5]},"faces":{"north":{"uv":[0,4.5,5.83333,16],"texture":"#0"},"east":{"uv":[0.5,0.5,0.5,5.5],"texture":"#0"},"south":{"uv":[0.5,0.5,11,13],"texture":"#0"},"west":{"uv":[12.5,15,16,16],"texture":"#0"},"up":{"uv":[5.5,0.5,0.5,0.5],"texture":"#0"},"down":{"uv":[10.5,0.5,5.5,0.5],"texture":"#0"}}}],"gui_light":"front","display":{"gui":{"translation":[0,16,0]},"fixed":{"rotation":[-90,0,0],"translation":[0,0,-16],"scale":[2,2,2]}}}