{"textures​":{"0":"\u0063\u0075\u0073\u0074\u006f\u006d\u0063\u0072\u006f\u0070\u0073:\u0069\u0074\u0065\u006d/\u0063\u0072\u006f\u0070\u0073/\u0068\u006f\u0070/\u0073\u0074\u0061\u0067\u0065","\u0070\u0061\u0072\u0074\u0069\u0063\u006c\u0065":"\u0063\u0075\u0073\u0074\u006f\u006d\u0063\u0072\u006f\u0070\u0073:\u0069\u0074\u0065\u006d/\u0063\u0072\u006f\u0070\u0073/\u0068\u006f\u0070/\u0073\u0074\u0061\u0067\u0065"},"credit":"momirealms","texture_size":[64,64],"\u0074\u0065\u0078\u0074\u0075\u0072\u0065\u0073":{"0":"\u0063\u0075\u0073\u0074\u006f\u006d\u0063\u0072\u006f\u0070\u0073:\u0069\u0074\u0065\u006d/\u0063\u0072\u006f\u0070\u0073/\u0068\u006f\u0070/\u0073\u0074\u0061\u0067\u0065","\u0070\u0061\u0072\u0074\u0069\u0063\u006c\u0065":"\u0063\u0075\u0073\u0074\u006f\u006d\u0063\u0072\u006f\u0070\u0073:\u0069\u0074\u0065\u006d/\u0063\u0072\u006f\u0070\u0073/\u0068\u006f\u0070/\u0073\u0074\u0061\u0067\u0065"},"elements":[{"from":[5.18023,4,10.26963],"to":[10.18023,10,10.26963],"rotation":{"angle":-45,"axis":"y","origin":[7.68023,13,9.26963]},"faces":{"north":{"uv":[0,9,1.25,10.5],"texture":"#0"},"east":{"uv":[1.25,9,0,10.5],"texture":"#0"},"south":{"uv":[1.25,9,0,10.5],"texture":"#0"},"west":{"uv":[1.25,9,0,10.5],"texture":"#0"},"up":{"uv":[1.25,9,0,10.5],"rotation":90,"texture":"#0"},"down":{"uv":[1.25,9,0,10.5],"rotation":270,"texture":"#0"}}},{"from":[2.0136,4,9.0136],"to":[7.0136,10,9.0136],"rotation":{"angle":22.5,"axis":"y","origin":[5.5,8.49999,9.0136]},"faces":{"north":{"uv":[1.25,7.5,0,9],"texture":"#0"},"east":{"uv":[1.25,7.5,0,9],"texture":"#0"},"south":{"uv":[0,7.5,1.25,9],"texture":"#0"},"west":{"uv":[1.25,7.5,0,9],"texture":"#0"},"up":{"uv":[0,9,1.25,7.5],"rotation":90,"texture":"#0"},"down":{"uv":[0,9,1.25,7.5],"rotation":270,"texture":"#0"}}},{"from":[3.18023,12,8.26963],"to":[8.18023,18,8.26963],"rotation":{"angle":-22.5,"axis":"y","origin":[7.68023,13,9.26963]},"faces":{"north":{"uv":[0,9,1.25,10.5],"texture":"#0"},"east":{"uv":[1.25,9,0,10.5],"texture":"#0"},"south":{"uv":[1.25,9,0,10.5],"texture":"#0"},"west":{"uv":[1.25,9,0,10.5],"texture":"#0"},"up":{"uv":[1.25,9,0,10.5],"rotation":90,"texture":"#0"},"down":{"uv":[1.25,9,0,10.5],"rotation":270,"texture":"#0"}}},{"from":[6.42287,-1,10.56963],"to":[11.42287,5,10.56963],"rotation":{"angle":-22.5,"axis":"y","origin":[13.92287,2,7.26963]},"faces":{"north":{"uv":[0,9,1.25,10.5],"texture":"#0"},"east":{"uv":[1.25,9,0,10.5],"texture":"#0"},"south":{"uv":[1.25,9,0,10.5],"texture":"#0"},"west":{"uv":[1.25,9,0,10.5],"texture":"#0"},"up":{"uv":[1.25,9,0,10.5],"rotation":90,"texture":"#0"},"down":{"uv":[1.25,9,0,10.5],"rotation":270,"texture":"#0"}}},{"from":[3.18023,-1,5.26963],"to":[8.18023,5,5.26963],"rotation":{"angle":45,"axis":"y","origin":[9.68023,2,7.26963]},"faces":{"north":{"uv":[1.25,9,0,10.5],"texture":"#0"},"east":{"uv":[1.25,9,0,10.5],"texture":"#0"},"south":{"uv":[0,9,1.25,10.5],"texture":"#0"},"west":{"uv":[1.25,9,0,10.5],"texture":"#0"},"up":{"uv":[1.25,9,0,10.5],"rotation":270,"texture":"#0"},"down":{"uv":[1.25,9,0,10.5],"rotation":90,"texture":"#0"}}},{"from":[6.18023,16,9.26963],"to":[11.18023,22,9.26963],"rotation":{"angle":-22.5,"axis":"y","origin":[10.68023,13,12.26963]},"faces":{"north":{"uv":[0,9,1.25,10.5],"texture":"#0"},"east":{"uv":[1.25,9,0,10.5],"texture":"#0"},"south":{"uv":[1.25,9,0,10.5],"texture":"#0"},"west":{"uv":[1.25,9,0,10.5],"texture":"#0"},"up":{"uv":[1.25,9,0,10.5],"rotation":90,"texture":"#0"},"down":{"uv":[1.25,9,0,10.5],"rotation":270,"texture":"#0"}}},{"from":[6.18023,12,11.26963],"to":[11.18023,18,11.26963],"rotation":{"angle":-22.5,"axis":"y","origin":[10.68023,13,12.26963]},"faces":{"north":{"uv":[0,9,1.25,10.5],"texture":"#0"},"east":{"uv":[1.25,9,0,10.5],"texture":"#0"},"south":{"uv":[1.25,9,0,10.5],"texture":"#0"},"west":{"uv":[1.25,9,0,10.5],"texture":"#0"},"up":{"uv":[1.25,9,0,10.5],"rotation":90,"texture":"#0"},"down":{"uv":[1.25,9,0,10.5],"rotation":270,"texture":"#0"}}},{"from":[5.18023,13,10.26963],"to":[10.18023,19,10.26963],"rotation":{"angle":-45,"axis":"y","origin":[10.68023,13,12.26963]},"faces":{"north":{"uv":[0,9,1.25,10.5],"texture":"#0"},"east":{"uv":[1.25,9,0,10.5],"texture":"#0"},"south":{"uv":[1.25,9,0,10.5],"texture":"#0"},"west":{"uv":[1.25,9,0,10.5],"texture":"#0"},"up":{"uv":[1.25,9,0,10.5],"rotation":90,"texture":"#0"},"down":{"uv":[1.25,9,0,10.5],"rotation":270,"texture":"#0"}}},{"from":[11.37947,7,6.322],"to":[11.37947,13,11.322],"rotation":{"angle":22.5,"axis":"y","origin":[12.37947,10,8.822]},"faces":{"north":{"uv":[1.25,9,0,10.5],"texture":"#0"},"east":{"uv":[0,9,1.25,10.5],"texture":"#0"},"south":{"uv":[1.25,9,0,10.5],"texture":"#0"},"west":{"uv":[1.25,9,0,10.5],"texture":"#0"},"up":{"uv":[1.25,9,0,10.5],"rotation":180,"texture":"#0"},"down":{"uv":[1.25,9,0,10.5],"rotation":180,"texture":"#0"}}},{"from":[4.4864,4,8.0136],"to":[9.4864,10,8.0136],"rotation":{"angle":-45,"axis":"y","origin":[8.5,8.49999,12.0136]},"faces":{"north":{"uv":[0,9,1.25,10.5],"texture":"#0"},"east":{"uv":[1.25,9,0,10.5],"texture":"#0"},"south":{"uv":[1.25,9,0,10.5],"texture":"#0"},"west":{"uv":[1.25,9,0,10.5],"texture":"#0"},"up":{"uv":[1.25,9,0,10.5],"rotation":90,"texture":"#0"},"down":{"uv":[1.25,9,0,10.5],"rotation":270,"texture":"#0"}}},{"from":[4.18119,16,8.17556],"to":[9.18119,22,8.17556],"rotation":{"angle":0,"axis":"y","origin":[5.68119,19,9.17556]},"faces":{"north":{"uv":[1.25,7.5,0,9],"texture":"#0"},"east":{"uv":[1.25,7.5,0,9],"texture":"#0"},"south":{"uv":[0,7.5,1.25,9],"texture":"#0"},"west":{"uv":[1.25,7.5,0,9],"texture":"#0"},"up":{"uv":[0,9,1.25,7.5],"rotation":90,"texture":"#0"},"down":{"uv":[0,9,1.25,7.5],"rotation":270,"texture":"#0"}}},{"from":[4.5,7,1],"to":[4.5,13,6],"rotation":{"angle":45,"axis":"y","origin":[8.5,8.49999,3.9864]},"faces":{"north":{"uv":[0,7.5,1.25,9],"texture":"#0"},"east":{"uv":[1.25,7.5,0,9],"texture":"#0"},"south":{"uv":[0,7.5,1.25,9],"texture":"#0"},"west":{"uv":[0,7.5,1.25,9],"texture":"#0"},"up":{"uv":[0,7.5,1.25,9],"texture":"#0"},"down":{"uv":[0,7.5,1.25,9],"texture":"#0"}}},{"from":[6.4864,7,7.9864],"to":[11.4864,13,7.9864],"rotation":{"angle":45,"axis":"y","origin":[8.5,8.49999,3.9864]},"faces":{"north":{"uv":[0,7.5,1.25,9],"texture":"#0"},"east":{"uv":[0,7.5,1.25,9],"texture":"#0"},"south":{"uv":[1.25,7.5,0,9],"texture":"#0"},"west":{"uv":[0,7.5,1.25,9],"texture":"#0"},"up":{"uv":[0,7.5,1.25,9],"rotation":90,"texture":"#0"},"down":{"uv":[0,7.5,1.25,9],"rotation":270,"texture":"#0"}}},{"from":[6.46526,16,6.76378],"to":[11.46526,22,6.76378],"rotation":{"angle":45,"axis":"y","origin":[10.96526,14,5.76378]},"faces":{"north":{"uv":[0,7.5,1.25,9],"texture":"#0"},"east":{"uv":[0,7.5,1.25,9],"texture":"#0"},"south":{"uv":[1.25,7.5,0,9],"texture":"#0"},"west":{"uv":[0,7.5,1.25,9],"texture":"#0"},"up":{"uv":[0,7.5,1.25,9],"rotation":90,"texture":"#0"},"down":{"uv":[0,7.5,1.25,9],"rotation":270,"texture":"#0"}}},{"from":[6.46526,8,4.76378],"to":[11.46526,14,4.76378],"rotation":{"angle":45,"axis":"y","origin":[10.96526,14,5.76378]},"faces":{"north":{"uv":[0,9,1.25,10.5],"texture":"#0"},"east":{"uv":[0,9,1.25,10.5],"texture":"#0"},"south":{"uv":[1.25,9,0,10.5],"texture":"#0"},"west":{"uv":[0,9,1.25,10.5],"texture":"#0"},"up":{"uv":[0,9,1.25,10.5],"rotation":90,"texture":"#0"},"down":{"uv":[0,9,1.25,10.5],"rotation":270,"texture":"#0"}}},{"from":[8.5,11,-3],"to":[8.5,17,2],"rotation":{"angle":22.5,"axis":"x","origin":[8.5,2,4.5]},"faces":{"north":{"uv":[0,7.5,1.25,9],"texture":"#0"},"east":{"uv":[1.25,7.5,0,9],"texture":"#0"},"south":{"uv":[0,7.5,1.25,9],"texture":"#0"},"west":{"uv":[0,7.5,1.25,9],"texture":"#0"},"up":{"uv":[0,7.5,1.25,9],"texture":"#0"},"down":{"uv":[0,7.5,1.25,9],"texture":"#0"}}},{"from":[8.5,0,2],"to":[8.5,23,14],"rotation":{"angle":0,"axis":"y","origin":[8.5,11.5,8]},"faces":{"north":{"uv":[0,0,3,5.75],"texture":"#0"},"east":{"uv":[13,5.75,10,11.5],"texture":"#0"},"south":{"uv":[0,0,3,5.75],"texture":"#0"},"west":{"uv":[0,0,3,5.75],"texture":"#0"},"up":{"uv":[0,0,3,5.75],"rotation":270,"texture":"#0"},"down":{"uv":[0,0,3,5.75],"rotation":90,"texture":"#0"}}},{"from":[2.5,0,8],"to":[14.5,23,8],"faces":{"north":{"uv":[0,0,3,5.75],"texture":"#0"},"east":{"uv":[0,0,3,5.75],"texture":"#0"},"south":{"uv":[0,0,3,5.75],"texture":"#0"},"west":{"uv":[0,0,3,5.75],"texture":"#0"},"up":{"uv":[0,0,3,5.75],"texture":"#0"},"down":{"uv":[0,0,3,5.75],"texture":"#0"}}},{"from":[2,23,7.5],"to":[14,24,8.5],"faces":{"north":{"uv":[6.5,0.25,9.5,0.5],"texture":"#0"},"east":{"uv":[6.25,0.25,6.5,0.5],"texture":"#0"},"south":{"uv":[9.75,0.25,12.75,0.5],"texture":"#0"},"west":{"uv":[9.5,0.25,9.75,0.5],"texture":"#0"},"up":{"uv":[9.5,0.25,6.5,0],"texture":"#0"},"down":{"uv":[12.5,0,9.5,0.25],"texture":"#0"}}},{"from":[13.9,0,7],"to":[15.9,25,9],"shade":false,"faces":{"north":{"uv":[6.75,6.25,6.25,12.5],"texture":"#0"},"east":{"uv":[7.25,6.25,6.75,12.5],"texture":"#0"},"south":{"uv":[7.75,6.25,7.25,12.5],"texture":"#0"},"west":{"uv":[6.25,6.25,5.75,12.5],"texture":"#0"},"up":{"uv":[6.25,6.25,6.75,5.75],"texture":"#0"},"down":{"uv":[6.75,5.75,7.25,6.25],"texture":"#0"}}},{"from":[0.1,0,7],"to":[2.1,25,9],"faces":{"north":{"uv":[6.25,6.25,6.75,12.5],"texture":"#0"},"east":{"uv":[5.75,6.25,6.25,12.5],"texture":"#0"},"south":{"uv":[7.25,6.25,7.75,12.5],"texture":"#0"},"west":{"uv":[6.75,6.25,7.25,12.5],"texture":"#0"},"up":{"uv":[6.75,6.25,6.25,5.75],"texture":"#0"},"down":{"uv":[7.25,5.75,6.75,6.25],"texture":"#0"}}}],"gui_light":"front","display":{"fixed":{"rotation":[-90,0,0],"translation":[0,0,-16],"scale":[2,2,2]}}}