{"sources":[{"type":"single","resource":"_iainternal:icons/icon_next_orange"},{"type":"single","resource":"_iainternal:icons/icon_cancel"},{"type":"single","resource":"_iainternal:icons/icon_arrow_chest"},{"type":"single","resource":"encbook:blank"},{"type":"single","resource":"motor_returnscroll:motor_returnscroll/returnscroll"},{"type":"single","resource":"package:blank"},{"type":"single","resource":"_iainternal:icons/icon_search"},{"type":"single","resource":"_iainternal:icons/icon_left_blue"},{"type":"single","resource":"pickup:blank"},{"type":"single","resource":"shop_common:blank"},{"type":"single","resource":"pickup:blocked"},{"type":"single","resource":"encbook:completed"},{"type":"single","resource":"_iainternal:icons/icon_back_orange"},{"type":"single","resource":"_iainternal:icons/icon_right_blue"}]}