{"textures​":{"layer0":"minecraft:item/green_candle_cake"},"credit":"TopOrigin","\u0074\u0065\u0078\u0074\u0075\u0072\u0065\u0073":{"0":"\u0063\u0075\u0073\u0074\u006f\u006d\u0063\u0072\u006f\u0070\u0073:\u0069\u0074\u0065\u006d/\u0077\u0061\u0074\u0065\u0072\u0069\u006e\u0067\u0063\u0061\u006e\u0073/\u0077\u0061\u0074\u0065\u0072\u0069\u006e\u0067_\u0063\u0061\u006e_1","\u0070\u0061\u0072\u0074\u0069\u0063\u006c\u0065":"\u0063\u0075\u0073\u0074\u006f\u006d\u0063\u0072\u006f\u0070\u0073:\u0069\u0074\u0065\u006d/\u0077\u0061\u0074\u0065\u0072\u0069\u006e\u0067\u0063\u0061\u006e\u0073/\u0077\u0061\u0074\u0065\u0072\u0069\u006e\u0067_\u0063\u0061\u006e_1"},"elements":[{"from":[4,0,4],"to":[10.2,8,10],"faces":{"north":{"uv":[9,0,16,6],"texture":"#0"},"east":{"uv":[9,0,16,6],"texture":"#0"},"south":{"uv":[9,0,16,6],"texture":"#0"},"west":{"uv":[9,0,16,6],"texture":"#0"},"up":{"uv":[16,6,9,0],"texture":"#0"},"down":{"uv":[16,0,9,6],"texture":"#0"}}},{"from":[13.496,6.992,5.544],"to":[14.184,9.088,8.768],"rotation":{"angle":45,"axis":"z","origin":[15,7,6.5]},"faces":{"north":{"uv":[0,13.392,0.688,16],"texture":"#0"},"east":{"uv":[0,9.912,3,13],"texture":"#0"},"south":{"uv":[5,3,4.688,5.608],"texture":"#0"},"west":{"uv":[2,13.072,4.936,16],"texture":"#0"},"up":{"uv":[4,3,4.688,6],"texture":"#0"},"down":{"uv":[4,3,4.688,6],"texture":"#0"}}},{"from":[9.32,5.616,6.232],"to":[12.432,6.456,7.488],"rotation":{"angle":0,"axis":"y","origin":[12.5,7.5,6.5]},"faces":{"north":{"uv":[2,5,2.552,6.992],"rotation":270,"texture":"#0"},"east":{"uv":[2,4,2.552,4.712],"rotation":90,"texture":"#0"},"south":{"uv":[0.448,4,0,6.992],"rotation":90,"texture":"#0"},"west":{"uv":[2,3,2.552,3.712],"rotation":90,"texture":"#0"},"up":{"uv":[14,9,14.712,10.992],"rotation":90,"texture":"#0"},"down":{"uv":[1,4,1.712,5.992],"rotation":90,"texture":"#0"}}},{"from":[10.752,1.158,5.936],"to":[12.136,7.974,8.064],"rotation":{"angle":-45,"axis":"z","origin":[11.5,5,7]},"faces":{"north":{"uv":[7,10,8,15],"texture":"#0"},"east":{"uv":[13,10,11,15],"texture":"#0"},"south":{"uv":[8,10,9,15],"texture":"#0"},"west":{"uv":[9,10,11,15],"texture":"#0"},"up":{"uv":[4,6,5,8],"texture":"#0"},"down":{"uv":[13,10,15,15],"texture":"#0"}}},{"from":[6.42,8,4.004],"to":[7.804,11.576,4.004],"rotation":{"angle":0,"axis":"y","origin":[7.48,8.5,9.668]},"faces":{"north":{"uv":[2,5,3,7],"texture":"#0"},"east":{"uv":[0,0,0,1],"texture":"#0"},"south":{"uv":[4,2,5,4],"texture":"#0"},"west":{"uv":[0,0,0,1],"texture":"#0"},"up":{"uv":[2,0,3,1],"rotation":90,"texture":"#0"},"down":{"uv":[0,0,0,1],"rotation":270,"texture":"#0"}}},{"from":[6.42,8,10.02],"to":[7.804,11.576,10.02],"rotation":{"angle":0,"axis":"y","origin":[7.48,8.5,9.668]},"faces":{"north":{"uv":[4,3,5,5],"texture":"#0"},"east":{"uv":[0,0,0,1],"texture":"#0"},"south":{"uv":[1,2,2,4],"texture":"#0"},"west":{"uv":[0,0,0,1],"texture":"#0"},"up":{"uv":[2,0,3,1],"rotation":90,"texture":"#0"},"down":{"uv":[0,0,0,1],"rotation":270,"texture":"#0"}}},{"from":[6.42,11.58,4.016],"to":[7.804,11.58,10.048],"rotation":{"angle":0,"axis":"y","origin":[7.112,9.5,10.02]},"faces":{"north":{"uv":[2,0,3,1],"rotation":270,"texture":"#0"},"east":{"uv":[0,0,0,1],"rotation":90,"texture":"#0"},"south":{"uv":[0,0,0,1],"rotation":270,"texture":"#0"},"west":{"uv":[0,0,0,1],"rotation":270,"texture":"#0"},"up":{"uv":[0,9,1,12],"texture":"#0"},"down":{"uv":[0,5,3,6],"rotation":90,"texture":"#0"}}},{"from":[4.904,8,5],"to":[9.32,9,9],"faces":{"north":{"uv":[0,0,4,1],"texture":"#0"},"east":{"uv":[0,0,4,1],"texture":"#0"},"south":{"uv":[0,0,4,1],"texture":"#0"},"west":{"uv":[0,0,4,1],"texture":"#0"},"up":{"uv":[7,9,10,12],"texture":"#0"},"down":{"uv":[11,1,15,5],"texture":"#0"}}},{"from":[6.36,9,6.328],"to":[7.808,9.712,7.68],"faces":{"north":{"uv":[2,1,3,2],"texture":"#0"},"east":{"uv":[12,4,13,5],"texture":"#0"},"south":{"uv":[2,0,3,1],"texture":"#0"},"west":{"uv":[2,0,3,1],"texture":"#0"},"up":{"uv":[10,3,11,4],"texture":"#0"},"down":{"uv":[1,1,2,2],"texture":"#0"}}},{"from":[6.072,5.848,3.544],"to":[8.224,7.948,4],"faces":{"north":{"uv":[2,8,2.928,9.864],"texture":"#0"},"east":{"uv":[0,0,0.296,1.8],"texture":"#0"},"south":{"uv":[0,0,2.152,1.8],"texture":"#0"},"west":{"uv":[0,0,0.296,1.8],"texture":"#0"},"up":{"uv":[0,0,2.152,0.296],"texture":"#0"},"down":{"uv":[0,0,2.152,0.296],"texture":"#0"}}},{"from":[6.072,5.912,10.032],"to":[8.224,8.012,10.424],"faces":{"north":{"uv":[4,8,4.928,9.864],"texture":"#0"},"east":{"uv":[0,0,0.296,1.8],"texture":"#0"},"south":{"uv":[2,10,2.992,11.8],"texture":"#0"},"west":{"uv":[0,0,0.296,1.8],"texture":"#0"},"up":{"uv":[0,0,2.152,0.296],"texture":"#0"},"down":{"uv":[0,0,2.152,0.296],"texture":"#0"}}},{"from":[1.776,1.464,7],"to":[4,2.864,7],"faces":{"north":{"uv":[2,4.384,4.032,4.84],"texture":"#0"},"east":{"uv":[0,0,0,1.416],"texture":"#0"},"south":{"uv":[0,0,1.84,0.872],"texture":"#0"},"west":{"uv":[0,0,0,1.416],"texture":"#0"},"up":{"uv":[0,0,2.224,0],"texture":"#0"},"down":{"uv":[0,0,2.224,0],"texture":"#0"}}},{"from":[0.688,1.808,7],"to":[1.816,3.216,7],"rotation":{"angle":0,"axis":"y","origin":[2.5,7.5,6.796]},"faces":{"north":{"uv":[2,3,3.024,4.064],"rotation":90,"texture":"#0"},"east":{"uv":[0,0,1.408,0],"rotation":270,"texture":"#0"},"south":{"uv":[1,2,2.024,2.84],"rotation":270,"texture":"#0"},"west":{"uv":[0,0,1.408,0],"rotation":270,"texture":"#0"},"up":{"uv":[0,0,0,1.064],"rotation":270,"texture":"#0"},"down":{"uv":[0,0,0,1.064],"rotation":270,"texture":"#0"}}},{"from":[0.688,5.264,7],"to":[1.752,6.672,7],"rotation":{"angle":0,"axis":"y","origin":[2.5,7.5,6.796]},"faces":{"north":{"uv":[3,1,4.024,1.968],"rotation":90,"texture":"#0"},"east":{"uv":[0,0,1.408,0],"rotation":270,"texture":"#0"},"south":{"uv":[1,2,2.024,2.84],"rotation":270,"texture":"#0"},"west":{"uv":[0,0,1.408,0],"rotation":270,"texture":"#0"},"up":{"uv":[0,0,0,1.064],"rotation":270,"texture":"#0"},"down":{"uv":[0,0,0,1.064],"rotation":270,"texture":"#0"}}},{"from":[0.04,3.208,7],"to":[1.104,5.256,7],"rotation":{"angle":0,"axis":"y","origin":[2.5,7.5,6.796]},"faces":{"north":{"uv":[3,0,4.984,0.904],"rotation":90,"texture":"#0"},"east":{"uv":[0,0,2.048,0],"rotation":270,"texture":"#0"},"south":{"uv":[0,0,2.048,1.064],"rotation":270,"texture":"#0"},"west":{"uv":[0,0,2.048,0],"rotation":270,"texture":"#0"},"up":{"uv":[0,0,0,1.064],"rotation":270,"texture":"#0"},"down":{"uv":[0,0,0,1.064],"rotation":270,"texture":"#0"}}},{"from":[1.744,6,7],"to":[4,7.4,7],"faces":{"north":{"uv":[1,2,3,3],"texture":"#0"},"east":{"uv":[0,0,1,1],"texture":"#0"},"south":{"uv":[0,12,2,13],"texture":"#0"},"west":{"uv":[0,0,1,1],"texture":"#0"},"up":{"uv":[0,12,2,13],"texture":"#0"},"down":{"uv":[0,0,2,1],"texture":"#0"}}}],"display":{"thirdperson_righthand":{"rotation":[0,90,65],"translation":[2,5,1.25],"scale":[0.82617,0.73828,0.79688]},"firstperson_righthand":{"rotation":[-175.97,80.04,-177.25],"translation":[-3.25,6.5,4.5],"scale":[0.46484,0.60352,0.41992]},"firstperson_lefthand":{"rotation":[180,-114,-180],"translation":[0,5.5,-1.5]},"ground":{"translation":[0,4,1]},"gui":{"rotation":[-158.25,-39.5,180],"translation":[-1.5,2.25,0]},"fixed":{"translation":[0,3,0]}},"gui_light":"front"}