{"textures​":{"layer0":"minecraft:item/iron_hoe"},"credit":"momirealms","texture_size":[64,64],"\u0074\u0065\u0078\u0074\u0075\u0072\u0065\u0073":{"0":"\u0063\u0075\u0073\u0074\u006f\u006d\u0063\u0072\u006f\u0070\u0073:\u0069\u0074\u0065\u006d/\u0063\u0072\u006f\u0070\u0073/\u0063\u0068\u0069\u006e\u0065\u0073\u0065_\u0063\u0061\u0062\u0062\u0061\u0067\u0065/\u0073\u0074\u0061\u0067\u0065","\u0070\u0061\u0072\u0074\u0069\u0063\u006c\u0065":"\u0063\u0075\u0073\u0074\u006f\u006d\u0063\u0072\u006f\u0070\u0073:\u0069\u0074\u0065\u006d/\u0063\u0072\u006f\u0070\u0073/\u0063\u0068\u0069\u006e\u0065\u0073\u0065_\u0063\u0061\u0062\u0062\u0061\u0067\u0065/\u0073\u0074\u0061\u0067\u0065"},"elements":[{"from":[6.85,0,6.7],"to":[9.1,0.6,8.95],"rotation":{"angle":0,"axis":"y","origin":[-3.8,0,-4.1]},"faces":{"north":{"uv":[2.75,0,4.5,1],"texture":"#0"},"east":{"uv":[2.75,1.25,4.5,2],"texture":"#0"},"south":{"uv":[2.75,0,4.5,1],"texture":"#0"},"west":{"uv":[2.75,0,4.5,1],"texture":"#0"},"up":{"uv":[2.75,0,4.5,2],"texture":"#0"},"down":{"uv":[2.75,0,4.5,2],"texture":"#0"}}},{"from":[3.85,3.03198,-0.33934],"to":[12.55,3.03198,7.16067],"rotation":{"angle":45,"axis":"x","origin":[8.95,3.18198,2.21067]},"faces":{"north":{"uv":[9,6.25,12,9.25],"texture":"#0"},"east":{"uv":[9,6.25,12,9.25],"texture":"#0"},"south":{"uv":[9,6.25,12,9.25],"texture":"#0"},"west":{"uv":[9,6.25,12,9.25],"texture":"#0"},"up":{"uv":[9,6.25,12,9.25],"texture":"#0"},"down":{"uv":[12,9.25,9,6.25],"texture":"#0"}}},{"from":[3.85,3.33198,8.48934],"to":[12.55,3.33198,15.98933],"rotation":{"angle":-45,"axis":"x","origin":[8.95,3.18198,13.58933]},"faces":{"north":{"uv":[9,9.25,12,6.25],"texture":"#0"},"east":{"uv":[9,9.25,12,6.25],"texture":"#0"},"south":{"uv":[9,9.25,12,6.25],"texture":"#0"},"west":{"uv":[9,9.25,12,6.25],"texture":"#0"},"up":{"uv":[9,9.25,12,6.25],"texture":"#0"},"down":{"uv":[12,6.25,9,9.25],"texture":"#0"}}},{"from":[10.05772,2.74592,3.71067],"to":[17.25772,2.74592,12.71066],"rotation":{"angle":45,"axis":"z","origin":[13.80772,1.69591,8.81067]},"faces":{"north":{"uv":[9,6.25,12,9.25],"rotation":90,"texture":"#0"},"east":{"uv":[9,6.25,12,9.25],"rotation":90,"texture":"#0"},"south":{"uv":[9,6.25,12,9.25],"rotation":90,"texture":"#0"},"west":{"uv":[9,6.25,12,9.25],"rotation":90,"texture":"#0"},"up":{"uv":[9,6.25,12,9.25],"rotation":90,"texture":"#0"},"down":{"uv":[9,6.25,12,9.25],"rotation":90,"texture":"#0"}}},{"from":[-2.15,2.73198,3.11067],"to":[5.05,2.73198,12.11067],"rotation":{"angle":-45,"axis":"z","origin":[1.45,0.18198,7.61067]},"faces":{"north":{"uv":[9,6.25,12,9.25],"rotation":270,"texture":"#0"},"east":{"uv":[9,6.25,12,9.25],"rotation":270,"texture":"#0"},"south":{"uv":[9,6.25,12,9.25],"rotation":270,"texture":"#0"},"west":{"uv":[9,6.25,12,9.25],"rotation":270,"texture":"#0"},"up":{"uv":[9,6.25,12,9.25],"rotation":270,"texture":"#0"},"down":{"uv":[9,6.25,12,9.25],"rotation":270,"texture":"#0"}}},{"from":[5.95,0,4.9],"to":[5.95,6,10.9],"rotation":{"angle":0,"axis":"y","origin":[8.2,2.25,8.65]},"faces":{"north":{"uv":[1,6,3,8],"texture":"#0"},"east":{"uv":[1,6,3,8],"texture":"#0"},"south":{"uv":[1,6,3,8],"texture":"#0"},"west":{"uv":[1,6,3,8],"texture":"#0"},"up":{"uv":[1,6,3,8],"rotation":270,"texture":"#0"},"down":{"uv":[1,6,3,8],"rotation":90,"texture":"#0"}}},{"from":[5.2,0,10.15],"to":[11.2,6,10.15],"rotation":{"angle":0,"axis":"y","origin":[8.2,2.25,8.65]},"faces":{"north":{"uv":[1,6,3,8],"texture":"#0"},"east":{"uv":[1,6,3,8],"texture":"#0"},"south":{"uv":[1,6,3,8],"texture":"#0"},"west":{"uv":[1,6,3,8],"texture":"#0"},"up":{"uv":[1,6,3,8],"rotation":180,"texture":"#0"},"down":{"uv":[1,6,3,8],"rotation":180,"texture":"#0"}}},{"from":[5.2,0,5.65],"to":[11.2,6,5.65],"rotation":{"angle":0,"axis":"y","origin":[8.2,2.25,8.65]},"faces":{"north":{"uv":[1,6,3,8],"texture":"#0"},"east":{"uv":[1,6,3,8],"texture":"#0"},"south":{"uv":[1,6,3,8],"texture":"#0"},"west":{"uv":[1,6,3,8],"texture":"#0"},"up":{"uv":[1,6,3,8],"rotation":180,"texture":"#0"},"down":{"uv":[1,6,3,8],"rotation":180,"texture":"#0"}}},{"from":[10.45,0,4.9],"to":[10.45,6,10.9],"rotation":{"angle":0,"axis":"y","origin":[8.2,2.25,8.65]},"faces":{"north":{"uv":[1,6,3,8],"texture":"#0"},"east":{"uv":[1,6,3,8],"texture":"#0"},"south":{"uv":[1,6,3,8],"texture":"#0"},"west":{"uv":[1,6,3,8],"texture":"#0"},"up":{"uv":[1,6,3,8],"rotation":270,"texture":"#0"},"down":{"uv":[1,6,3,8],"rotation":90,"texture":"#0"}}}],"gui_light":"front","display":{"fixed":{"rotation":[-90,0,0],"translation":[0,0,-16],"scale":[2,2,2]}}}