{"textures​":{"0":"\u0063\u0075\u0073\u0074\u006f\u006d\u0063\u0072\u006f\u0070\u0073:\u0069\u0074\u0065\u006d/\u0063\u0072\u006f\u0070\u0073/\u0063\u0068\u0069\u006e\u0065\u0073\u0065_\u0063\u0061\u0062\u0062\u0061\u0067\u0065/\u0073\u0074\u0061\u0067\u0065","\u0070\u0061\u0072\u0074\u0069\u0063\u006c\u0065":"\u0063\u0075\u0073\u0074\u006f\u006d\u0063\u0072\u006f\u0070\u0073:\u0069\u0074\u0065\u006d/\u0063\u0072\u006f\u0070\u0073/\u0063\u0068\u0069\u006e\u0065\u0073\u0065_\u0063\u0061\u0062\u0062\u0061\u0067\u0065/\u0073\u0074\u0061\u0067\u0065"},"credit":"momirealms","texture_size":[64,64],"\u0074\u0065\u0078\u0074\u0075\u0072\u0065\u0073":{"0":"\u0063\u0075\u0073\u0074\u006f\u006d\u0063\u0072\u006f\u0070\u0073:\u0069\u0074\u0065\u006d/\u0063\u0072\u006f\u0070\u0073/\u0063\u0068\u0069\u006e\u0065\u0073\u0065_\u0063\u0061\u0062\u0062\u0061\u0067\u0065/\u0073\u0074\u0061\u0067\u0065","\u0070\u0061\u0072\u0074\u0069\u0063\u006c\u0065":"\u0063\u0075\u0073\u0074\u006f\u006d\u0063\u0072\u006f\u0070\u0073:\u0069\u0074\u0065\u006d/\u0063\u0072\u006f\u0070\u0073/\u0063\u0068\u0069\u006e\u0065\u0073\u0065_\u0063\u0061\u0062\u0062\u0061\u0067\u0065/\u0073\u0074\u0061\u0067\u0065"},"elements":[{"from":[10.25,-0.75,4.75],"to":[10.25,5.25,10.75],"rotation":{"angle":0,"axis":"y","origin":[8,1.5,8.5]},"faces":{"north":{"uv":[1,6,3,8],"texture":"#0"},"east":{"uv":[1,6,3,8],"texture":"#0"},"south":{"uv":[1,6,3,8],"texture":"#0"},"west":{"uv":[1,6,3,8],"texture":"#0"},"up":{"uv":[1,6,3,8],"rotation":270,"texture":"#0"},"down":{"uv":[1,6,3,8],"rotation":90,"texture":"#0"}}},{"from":[5,-0.75,5.5],"to":[11,5.25,5.5],"rotation":{"angle":0,"axis":"y","origin":[8,1.5,8.5]},"faces":{"north":{"uv":[1,6,3,8],"texture":"#0"},"east":{"uv":[1,6,3,8],"texture":"#0"},"south":{"uv":[1,6,3,8],"texture":"#0"},"west":{"uv":[1,6,3,8],"texture":"#0"},"up":{"uv":[1,6,3,8],"rotation":180,"texture":"#0"},"down":{"uv":[1,6,3,8],"rotation":180,"texture":"#0"}}},{"from":[5,-0.75,10],"to":[11,5.25,10],"rotation":{"angle":0,"axis":"y","origin":[8,1.5,8.5]},"faces":{"north":{"uv":[1,6,3,8],"texture":"#0"},"east":{"uv":[1,6,3,8],"texture":"#0"},"south":{"uv":[1,6,3,8],"texture":"#0"},"west":{"uv":[1,6,3,8],"texture":"#0"},"up":{"uv":[1,6,3,8],"rotation":180,"texture":"#0"},"down":{"uv":[1,6,3,8],"rotation":180,"texture":"#0"}}},{"from":[5.75,-0.75,4.75],"to":[5.75,5.25,10.75],"rotation":{"angle":0,"axis":"y","origin":[8,1.5,8.5]},"faces":{"north":{"uv":[1,6,3,8],"texture":"#0"},"east":{"uv":[1,6,3,8],"texture":"#0"},"south":{"uv":[1,6,3,8],"texture":"#0"},"west":{"uv":[1,6,3,8],"texture":"#0"},"up":{"uv":[1,6,3,8],"rotation":270,"texture":"#0"},"down":{"uv":[1,6,3,8],"rotation":90,"texture":"#0"}}}],"gui_light":"front","display":{"fixed":{"rotation":[-90,0,0],"translation":[0,0,-16],"scale":[2,2,2]}}}