{"textures​":{"layer0":"minecraft:item/clay_ball"},"credit":"momirealms","ambientocclusion":false,"texture_size":[48,48],"\u0074\u0065\u0078\u0074\u0075\u0072\u0065\u0073":{"0":"\u0062\u006c\u006f\u0063\u006b/\u006f\u0061\u006b_\u006c\u006f\u0067","1":"\u0063\u0075\u0073\u0074\u006f\u006d\u0063\u0072\u006f\u0070\u0073:\u0069\u0074\u0065\u006d/\u0063\u0072\u006f\u0070\u0073/\u0061\u0070\u0070\u006c\u0065/\u0073\u0074\u0061\u0067\u0065","\u0070\u0061\u0072\u0074\u0069\u0063\u006c\u0065":"\u0062\u006c\u006f\u0063\u006b/\u006f\u0061\u006b_\u006c\u006f\u0067"},"elements":[{"from":[7,0,7],"to":[9,16,9],"faces":{"north":{"uv":[5,0,7,16],"texture":"#0"},"east":{"uv":[10,0,12,16],"texture":"#0"},"south":{"uv":[11,0,13,16],"texture":"#0"},"west":{"uv":[6,0,8,16],"texture":"#0"},"up":{"uv":[0,0,2,2],"texture":"#0"},"down":{"uv":[0,0,2,2],"texture":"#0"}}},{"from":[3,-3,8],"to":[8,-1,10],"rotation":{"angle":22.5,"axis":"z","origin":[0,0,0]},"faces":{"north":{"uv":[7,5,9,10],"rotation":90,"texture":"#0"},"east":{"uv":[0,0,2,2],"texture":"#0"},"south":{"uv":[8,10,10,15],"rotation":90,"texture":"#0"},"west":{"uv":[0,0,2,2],"texture":"#0"},"up":{"uv":[8,5,10,10],"rotation":90,"texture":"#0"},"down":{"uv":[0,0,5,2],"texture":"#0"}}},{"from":[4,0,8],"to":[9,1,10],"rotation":{"angle":22.5,"axis":"y","origin":[0,0,0]},"faces":{"north":{"uv":[0,0,5,1],"texture":"#0"},"east":{"uv":[0,0,2,1],"texture":"#0"},"south":{"uv":[0,0,5,1],"texture":"#0"},"west":{"uv":[0,0,2,1],"texture":"#0"},"up":{"uv":[9,7,11,12],"rotation":90,"texture":"#0"},"down":{"uv":[0,0,5,2],"texture":"#0"}}},{"from":[8,3,7],"to":[10,5,12],"rotation":{"angle":22.5,"axis":"x","origin":[0,0,0]},"faces":{"north":{"uv":[0,0,2,2],"texture":"#0"},"east":{"uv":[0,0,5,2],"texture":"#0"},"south":{"uv":[0,0,2,2],"texture":"#0"},"west":{"uv":[0,0,5,2],"texture":"#0"},"up":{"uv":[0,0,2,5],"texture":"#0"},"down":{"uv":[0,0,2,5],"texture":"#0"}}},{"from":[2,14,-3],"to":[12,24,7],"faces":{"north":{"uv":[0.33333,1.33333,3.66667,4.66667],"texture":"#1"},"east":{"uv":[0,0,3.33333,3.33333],"texture":"#1"},"south":{"uv":[0,0,3.33333,3.33333],"texture":"#1"},"west":{"uv":[1.33333,1.66667,4.66667,5],"texture":"#1","tintindex":0},"up":{"uv":[0,0,3.33333,3.33333],"texture":"#1"},"down":{"uv":[0,0,3.33333,3.33333],"texture":"#1"}}},{"from":[-4,16,3],"to":[8,28,15],"faces":{"north":{"uv":[0,0,4,4],"texture":"#1"},"east":{"uv":[0,0,4,4],"texture":"#1"},"south":{"uv":[1,0.66667,5,4.66667],"texture":"#1"},"west":{"uv":[1.33333,0.66667,5.33333,4.66667],"texture":"#1","tintindex":0},"up":{"uv":[1,0.66667,5,4.66667],"texture":"#1"},"down":{"uv":[0,0,4,4],"texture":"#1"}}},{"from":[5,19,0],"to":[17,31,12],"faces":{"north":{"uv":[0,0,4,4],"texture":"#1"},"east":{"uv":[1,1,5,5],"texture":"#1"},"south":{"uv":[1,0.66667,5,4.66667],"texture":"#1"},"west":{"uv":[0,0,4,4],"texture":"#1","tintindex":0},"up":{"uv":[1.33333,0.66667,5.33333,4.66667],"texture":"#1"},"down":{"uv":[0,0,4,4],"texture":"#1"}}},{"from":[5,13,8],"to":[15,23,18],"faces":{"north":{"uv":[0,0,3.33333,3.33333],"texture":"#1"},"east":{"uv":[1.33333,1.33333,4.66667,4.66667],"texture":"#1"},"south":{"uv":[1.33333,1.33333,4.66667,4.66667],"texture":"#1"},"west":{"uv":[0,0,3.33333,3.33333],"texture":"#1","tintindex":0},"up":{"uv":[0,0,3.33333,3.33333],"texture":"#1"},"down":{"uv":[0,0,3.33333,3.33333],"texture":"#1"}}},{"from":[-14,9,11],"to":[12,32,11],"rotation":{"angle":45,"axis":"y","origin":[0,0,0]},"faces":{"north":{"uv":[0,8.66667,7.66667,16],"texture":"#1"},"east":{"uv":[0,0,0,6],"texture":"#1"},"south":{"uv":[0,6.66667,9.33333,16],"texture":"#1"},"west":{"uv":[0,0,0,6],"texture":"#1"},"up":{"uv":[0,0,6,0],"texture":"#1"},"down":{"uv":[0,0,6,0],"texture":"#1"}}},{"from":[0,9,-2],"to":[0,32,24],"rotation":{"angle":45,"axis":"y","origin":[0,0,0]},"faces":{"north":{"uv":[0,0,0,6],"texture":"#1"},"east":{"uv":[0,6.66667,9.33333,16],"texture":"#1"},"south":{"uv":[0,0,0,6],"texture":"#1"},"west":{"uv":[0,8.66667,7.66667,16],"texture":"#1"},"up":{"uv":[0,0,6,0],"rotation":270,"texture":"#1"},"down":{"uv":[0,0,6,0],"rotation":90,"texture":"#1"}}},{"from":[11,9,-10],"to":[11,32,16],"rotation":{"angle":22.5,"axis":"x","origin":[0,9,8]},"faces":{"north":{"uv":[0,0,0,6],"texture":"#1"},"east":{"uv":[8.66667,16,0,8.33333],"texture":"#1"},"south":{"uv":[0,0,0,6],"texture":"#1"},"west":{"uv":[7.66667,8.66667,0,16],"texture":"#1"},"up":{"uv":[0,0,6,0],"rotation":270,"texture":"#1"},"down":{"uv":[0,0,6,0],"rotation":90,"texture":"#1"}}},{"from":[6,0,6],"to":[31,23,6],"rotation":{"angle":45,"axis":"z","origin":[0,4,0]},"faces":{"north":{"uv":[0,8.33333,8.33333,16],"texture":"#1"},"east":{"uv":[0,0,0,6],"texture":"#1"},"south":{"uv":[0,8.33333,7.66667,16],"texture":"#1"},"west":{"uv":[0,0,0,6],"texture":"#1"},"up":{"uv":[0,0,6,0],"texture":"#1"},"down":{"uv":[0,0,6,0],"texture":"#1"}}},{"from":[-2.5,19,6.5],"to":[-2.5,20,7.5],"rotation":{"angle":-45,"axis":"y","origin":[-4,17.5,7]},"faces":{"north":{"uv":[0,0,0,0.66667],"texture":"#1"},"east":{"uv":[12.33333,0,13,0.66667],"texture":"#1"},"south":{"uv":[0,0,0,0.66667],"texture":"#1"},"west":{"uv":[12.33333,0,13,0.66667],"texture":"#1"},"up":{"uv":[0,0,0,0.66667],"texture":"#1"},"down":{"uv":[0,0,0,0.66667],"texture":"#1"}}},{"from":[-4,19,8],"to":[-4,20,9],"rotation":{"angle":45,"axis":"y","origin":[-4,17.5,7]},"faces":{"north":{"uv":[0,0,0,0.66667],"texture":"#1"},"east":{"uv":[12.33333,0,13,0.66667],"texture":"#1"},"south":{"uv":[0,0,0,0.66667],"texture":"#1"},"west":{"uv":[12.33333,0,13,0.66667],"texture":"#1"},"up":{"uv":[0,0,0,0.66667],"texture":"#1"},"down":{"uv":[0,0,0,0.66667],"texture":"#1"}}},{"from":[-4.5,14.6,6.5],"to":[-1.5,17.6,9.5],"rotation":{"angle":0,"axis":"y","origin":[-8.6,22.6,8.4]},"faces":{"north":{"uv":[13.83333,1.83333,14.83333,2.83333],"texture":"#1"},"east":{"uv":[14.33333,1.83333,15.33333,2.83333],"texture":"#1"},"south":{"uv":[12.5,1.83333,13.5,2.83333],"texture":"#1"},"west":{"uv":[12.33333,1.83333,13.33333,2.83333],"texture":"#1"},"up":{"uv":[15.16667,2.66667,14.16667,1.66667],"texture":"#1"},"down":{"uv":[15,0.66667,14,1.66667],"texture":"#1"}}},{"from":[-5,16,6],"to":[-1,19,10],"rotation":{"angle":0,"axis":"y","origin":[-8.6,22.6,8.4]},"faces":{"north":{"uv":[14.08333,0.33333,15.41667,1.33333],"texture":"#1"},"east":{"uv":[14.08333,0.33333,15.41667,1.33333],"texture":"#1"},"south":{"uv":[14.08333,0.33333,15.41667,1.33333],"texture":"#1"},"west":{"uv":[14.08333,0.33333,15.41667,1.33333],"texture":"#1"},"up":{"uv":[15.41667,3,14.08333,1.66667],"texture":"#1"},"down":{"uv":[14,1,12.66667,2.33333],"texture":"#1"}}},{"from":[9.5,9.6,12.5],"to":[12.5,12.6,15.5],"rotation":{"angle":0,"axis":"y","origin":[5.4,17.6,14.4]},"faces":{"north":{"uv":[13.83333,1.83333,14.83333,2.83333],"texture":"#1"},"east":{"uv":[14.33333,1.83333,15.33333,2.83333],"texture":"#1"},"south":{"uv":[12.5,1.83333,13.5,2.83333],"texture":"#1"},"west":{"uv":[12.33333,1.83333,13.33333,2.83333],"texture":"#1"},"up":{"uv":[15.16667,2.66667,14.16667,1.66667],"texture":"#1"},"down":{"uv":[15,0.66667,14,1.66667],"texture":"#1"}}},{"from":[10,14,14],"to":[10,15,15],"rotation":{"angle":45,"axis":"y","origin":[10,12.5,13]},"faces":{"north":{"uv":[0,0,0,0.66667],"texture":"#1"},"east":{"uv":[12.33333,0,13,0.66667],"texture":"#1"},"south":{"uv":[0,0,0,0.66667],"texture":"#1"},"west":{"uv":[12.33333,0,13,0.66667],"texture":"#1"},"up":{"uv":[0,0,0,0.66667],"texture":"#1"},"down":{"uv":[0,0,0,0.66667],"texture":"#1"}}},{"from":[11.5,14,12.5],"to":[11.5,15,13.5],"rotation":{"angle":-45,"axis":"y","origin":[10,12.5,13]},"faces":{"north":{"uv":[0,0,0,0.66667],"texture":"#1"},"east":{"uv":[12.33333,0,13,0.66667],"texture":"#1"},"south":{"uv":[0,0,0,0.66667],"texture":"#1"},"west":{"uv":[12.33333,0,13,0.66667],"texture":"#1"},"up":{"uv":[0,0,0,0.66667],"texture":"#1"},"down":{"uv":[0,0,0,0.66667],"texture":"#1"}}},{"from":[9,11,12],"to":[13,14,16],"rotation":{"angle":0,"axis":"y","origin":[5.4,17.6,14.4]},"faces":{"north":{"uv":[14.08333,0.33333,15.41667,1.33333],"texture":"#1"},"east":{"uv":[14.08333,0.33333,15.41667,1.33333],"texture":"#1"},"south":{"uv":[14.08333,0.33333,15.41667,1.33333],"texture":"#1"},"west":{"uv":[14.08333,0.33333,15.41667,1.33333],"texture":"#1"},"up":{"uv":[15.41667,3,14.08333,1.66667],"texture":"#1"},"down":{"uv":[14,1,12.66667,2.33333],"texture":"#1"}}},{"from":[15.5,17.6,9.25],"to":[18.5,20.6,12.25],"rotation":{"angle":0,"axis":"y","origin":[11.4,25.6,11.15]},"faces":{"north":{"uv":[13.83333,1.83333,14.83333,2.83333],"texture":"#1"},"east":{"uv":[14.33333,1.83333,15.33333,2.83333],"texture":"#1"},"south":{"uv":[12.5,1.83333,13.5,2.83333],"texture":"#1"},"west":{"uv":[12.33333,1.83333,13.33333,2.83333],"texture":"#1"},"up":{"uv":[15.16667,2.66667,14.16667,1.66667],"texture":"#1"},"down":{"uv":[15,0.66667,14,1.66667],"texture":"#1"}}},{"from":[16,22,10.75],"to":[16,23,11.75],"rotation":{"angle":45,"axis":"y","origin":[16,20.5,9.75]},"faces":{"north":{"uv":[0,0,0,0.66667],"texture":"#1"},"east":{"uv":[12.33333,0,13,0.66667],"texture":"#1"},"south":{"uv":[0,0,0,0.66667],"texture":"#1"},"west":{"uv":[12.33333,0,13,0.66667],"texture":"#1"},"up":{"uv":[0,0,0,0.66667],"texture":"#1"},"down":{"uv":[0,0,0,0.66667],"texture":"#1"}}},{"from":[17.5,22,9.25],"to":[17.5,23,10.25],"rotation":{"angle":-45,"axis":"y","origin":[16,20.5,9.75]},"faces":{"north":{"uv":[0,0,0,0.66667],"texture":"#1"},"east":{"uv":[12.33333,0,13,0.66667],"texture":"#1"},"south":{"uv":[0,0,0,0.66667],"texture":"#1"},"west":{"uv":[12.33333,0,13,0.66667],"texture":"#1"},"up":{"uv":[0,0,0,0.66667],"texture":"#1"},"down":{"uv":[0,0,0,0.66667],"texture":"#1"}}},{"from":[15,19,8.75],"to":[19,22,12.75],"rotation":{"angle":0,"axis":"y","origin":[11.4,25.6,11.15]},"faces":{"north":{"uv":[14.08333,0.33333,15.41667,1.33333],"texture":"#1"},"east":{"uv":[14.08333,0.33333,15.41667,1.33333],"texture":"#1"},"south":{"uv":[14.08333,0.33333,15.41667,1.33333],"texture":"#1"},"west":{"uv":[14.08333,0.33333,15.41667,1.33333],"texture":"#1"},"up":{"uv":[15.41667,3,14.08333,1.66667],"texture":"#1"},"down":{"uv":[14,1,12.66667,2.33333],"texture":"#1"}}},{"from":[9.5,21.6,-3.75],"to":[12.5,24.6,-0.75],"rotation":{"angle":0,"axis":"y","origin":[5.4,29.6,-1.85]},"faces":{"north":{"uv":[13.83333,1.83333,14.83333,2.83333],"texture":"#1"},"east":{"uv":[14.33333,1.83333,15.33333,2.83333],"texture":"#1"},"south":{"uv":[12.5,1.83333,13.5,2.83333],"texture":"#1"},"west":{"uv":[12.33333,1.83333,13.33333,2.83333],"texture":"#1"},"up":{"uv":[15.16667,2.66667,14.16667,1.66667],"texture":"#1"},"down":{"uv":[15,0.66667,14,1.66667],"texture":"#1"}}},{"from":[10,26,-2.25],"to":[10,27,-1.25],"rotation":{"angle":45,"axis":"y","origin":[10,24.5,-3.25]},"faces":{"north":{"uv":[0,0,0,0.66667],"texture":"#1"},"east":{"uv":[12.33333,0,13,0.66667],"texture":"#1"},"south":{"uv":[0,0,0,0.66667],"texture":"#1"},"west":{"uv":[12.33333,0,13,0.66667],"texture":"#1"},"up":{"uv":[0,0,0,0.66667],"texture":"#1"},"down":{"uv":[0,0,0,0.66667],"texture":"#1"}}},{"from":[11.5,26,-3.75],"to":[11.5,27,-2.75],"rotation":{"angle":-45,"axis":"y","origin":[10,24.5,-3.25]},"faces":{"north":{"uv":[0,0,0,0.66667],"texture":"#1"},"east":{"uv":[12.33333,0,13,0.66667],"texture":"#1"},"south":{"uv":[0,0,0,0.66667],"texture":"#1"},"west":{"uv":[12.33333,0,13,0.66667],"texture":"#1"},"up":{"uv":[0,0,0,0.66667],"texture":"#1"},"down":{"uv":[0,0,0,0.66667],"texture":"#1"}}},{"from":[9,23,-4.25],"to":[13,26,-0.25],"rotation":{"angle":0,"axis":"y","origin":[5.4,29.6,-1.85]},"faces":{"north":{"uv":[14.08333,0.33333,15.41667,1.33333],"texture":"#1"},"east":{"uv":[14.08333,0.33333,15.41667,1.33333],"texture":"#1"},"south":{"uv":[14.08333,0.33333,15.41667,1.33333],"texture":"#1"},"west":{"uv":[14.08333,0.33333,15.41667,1.33333],"texture":"#1"},"up":{"uv":[15.41667,3,14.08333,1.66667],"texture":"#1"},"down":{"uv":[14,1,12.66667,2.33333],"texture":"#1"}}}],"gui_light":"front","display":{"fixed":{"rotation":[-90,0,0],"translation":[0,0,-16],"scale":[2,2,2]}}}