{"textures​":{"layer0":"minecraft:item/black_stained_glass"},"credit":"momirealms","\u0074\u0065\u0078\u0074\u0075\u0072\u0065\u0073":{"0":"\u0063\u0075\u0073\u0074\u006f\u006d\u0063\u0072\u006f\u0070\u0073:\u0069\u0074\u0065\u006d/\u0063\u0072\u006f\u0070\u0073/\u0063\u0061\u0062\u0062\u0061\u0067\u0065/\u0073\u0069\u0064\u0065","2":"\u0063\u0075\u0073\u0074\u006f\u006d\u0063\u0072\u006f\u0070\u0073:\u0069\u0074\u0065\u006d/\u0063\u0072\u006f\u0070\u0073/\u0063\u0061\u0062\u0062\u0061\u0067\u0065/\u0063\u0061\u0062\u0062\u0061\u0067\u0065_\u006c\u0065\u0061\u0076\u0065\u0073","3":"\u0063\u0075\u0073\u0074\u006f\u006d\u0063\u0072\u006f\u0070\u0073:\u0069\u0074\u0065\u006d/\u0063\u0072\u006f\u0070\u0073/\u0063\u0061\u0062\u0062\u0061\u0067\u0065/\u0073\u0074\u0061\u0067\u0065_3","\u0070\u0061\u0072\u0074\u0069\u0063\u006c\u0065":"\u0063\u0075\u0073\u0074\u006f\u006d\u0063\u0072\u006f\u0070\u0073:\u0069\u0074\u0065\u006d/\u0063\u0072\u006f\u0070\u0073/\u0063\u0061\u0062\u0062\u0061\u0067\u0065/\u0073\u0069\u0064\u0065"},"elements":[{"from":[0,0,0],"to":[16,16,16],"faces":{"north":{"uv":[0,0,16,16],"texture":"#0"},"east":{"uv":[0,0,16,16],"texture":"#0"},"south":{"uv":[0,0,16,16],"texture":"#0"},"west":{"uv":[0,0,16,16],"texture":"#0"},"up":{"uv":[0,0,16,16],"texture":"#3"},"down":{"uv":[0,0,16,16],"texture":"#3"}}},{"from":[0,2,0],"to":[16,9,0],"rotation":{"angle":-22.5,"axis":"x","origin":[8,2,0]},"faces":{"north":{"uv":[0,9,16,16],"texture":"#2"},"east":{"uv":[0,9,0,16],"texture":"#2"},"south":{"uv":[0,9,16,16],"texture":"#2"},"west":{"uv":[0,9,0,16],"texture":"#2"},"up":{"uv":[0,9,16,9],"texture":"#2"},"down":{"uv":[0,9,16,9],"texture":"#2"}}},{"from":[0,2,16],"to":[16,9,16],"rotation":{"angle":22.5,"axis":"x","origin":[8,2,16]},"faces":{"north":{"uv":[0,9,16,16],"texture":"#2"},"east":{"uv":[0,9,0,16],"texture":"#2"},"south":{"uv":[0,9,16,16],"texture":"#2"},"west":{"uv":[0,9,0,16],"texture":"#2"},"up":{"uv":[0,9,16,9],"texture":"#2"},"down":{"uv":[0,9,16,9],"texture":"#2"}}},{"from":[0,2,0],"to":[0,9,16],"rotation":{"angle":22.5,"axis":"z","origin":[0,2,8]},"faces":{"north":{"uv":[0,9,0,16],"texture":"#2"},"east":{"uv":[0,9,16,16],"texture":"#2"},"south":{"uv":[0,9,0,16],"texture":"#2"},"west":{"uv":[0,9,16,16],"texture":"#2"},"up":{"uv":[0,9,16,9],"rotation":90,"texture":"#2"},"down":{"uv":[0,9,16,9],"rotation":270,"texture":"#2"}}},{"from":[16,2,0],"to":[16,9,16],"rotation":{"angle":-22.5,"axis":"z","origin":[16,2,8]},"faces":{"north":{"uv":[0,9,0,16],"texture":"#2"},"east":{"uv":[0,9,16,16],"texture":"#2"},"south":{"uv":[0,9,0,16],"texture":"#2"},"west":{"uv":[0,9,16,16],"texture":"#2"},"up":{"uv":[0,9,16,9],"rotation":90,"texture":"#2"},"down":{"uv":[0,9,16,9],"rotation":270,"texture":"#2"}}}],"display":{"thirdperson_righthand":{"rotation":[75,45,0],"translation":[0,2.5,0],"scale":[0.375,0.375,0.375]},"thirdperson_lefthand":{"rotation":[75,45,0],"translation":[0,2.5,0],"scale":[0.375,0.375,0.375]},"firstperson_righthand":{"rotation":[0,45,0],"scale":[0.4,0.4,0.4]},"firstperson_lefthand":{"rotation":[0,225,0],"scale":[0.4,0.4,0.4]},"ground":{"translation":[0,3,0],"scale":[0.25,0.25,0.25]},"gui":{"rotation":[30,225,0],"scale":[0.625,0.625,0.625]},"fixed":{"translation":[0,0,-0.25],"scale":[0.5,0.5,0.5]}},"gui_light":"front"}