{"variants":{"west=true,up=true,south=true,north=true,east=true,down=true":{"model":"block/original/chorus_plant"},"down=false,east=false,north=false,south=false,up=false,west=true":{"model":"customcrops:item/crops/pineapple/gigantic_pineapple"},"down=false,east=false,north=false,south=false,up=true,west=false":{"model":"customcrops:item/crops/cabbage/gigantic_cabbage"},"down=false,east=false,north=false,south=false,up=true,west=true":{"model":"customcrops:item/crops/tomato/gigantic_tomato"},"down=false,east=false,north=false,south=true,up=false,west=false":{"model":"customcrops:item/basics/greenhouse_glass"}}}