{"variants":{"attached=false,east=false,north=false,south=false,disarmed=false,west=false,powered=false":{"model":"block/tripwire_attached_n"},"attached=false,east=false,north=false,south=true,disarmed=true,west=false,powered=false":{"model":"customcrops:item/crops/cabbage/stage_2"},"attached=false,east=false,north=false,south=true,disarmed=true,west=false,powered=true":{"model":"customcrops:item/crops/cabbage/stage_3"},"attached=false,east=false,north=false,south=true,disarmed=true,west=true,powered=true":{"model":"customcrops:item/crops/eggplant/stage_1"},"attached=false,east=false,north=true,south=false,disarmed=false,west=false,powered=false":{"model":"customcrops:item/crops/eggplant/stage_2"},"attached=false,east=false,north=true,south=false,disarmed=false,west=false,powered=true":{"model":"customcrops:item/crops/eggplant/stage_3"},"attached=false,east=false,north=true,south=false,disarmed=false,west=true,powered=false":{"model":"customcrops:item/crops/eggplant/stage_4"},"attached=false,east=false,north=true,south=false,disarmed=false,west=true,powered=true":{"model":"customcrops:item/crops/hop/stage_1"},"attached=false,east=false,north=true,south=false,disarmed=true,west=false,powered=false":{"model":"customcrops:item/crops/hop/stage_2"},"attached=false,east=false,north=true,south=false,disarmed=true,west=false,powered=true":{"model":"customcrops:item/crops/hop/stage_3"},"attached=false,east=false,north=true,south=false,disarmed=true,west=true,powered=false":{"model":"customcrops:item/crops/hop/stage_4"},"attached=false,east=false,north=true,south=false,disarmed=true,west=true,powered=true":{"model":"customcrops:item/crops/grape/stage_1"},"attached=false,east=false,north=true,south=true,disarmed=false,west=false,powered=false":{"model":"customcrops:item/crops/grape/stage_2"},"attached=false,east=false,north=true,south=true,disarmed=false,west=false,powered=true":{"model":"customcrops:item/crops/grape/stage_3"},"attached=false,east=false,north=true,south=true,disarmed=false,west=true,powered=false":{"model":"customcrops:item/crops/grape/stage_4"},"attached=false,east=false,north=true,south=true,disarmed=false,west=true,powered=true":{"model":"customcrops:item/crops/grape/stage_5"},"attached=false,east=false,north=true,south=true,disarmed=true,west=false,powered=false":{"model":"customcrops:item/crops/grape/stage_6"},"attached=false,east=false,north=true,south=true,disarmed=true,west=false,powered=true":{"model":"customcrops:item/crops/tomato/stage_1"},"attached=false,east=false,north=true,south=true,disarmed=true,west=true,powered=false":{"model":"customcrops:item/crops/tomato/stage_2"},"attached=false,east=false,north=true,south=true,disarmed=true,west=true,powered=true":{"model":"customcrops:item/crops/tomato/stage_3"},"attached=false,east=true,north=false,south=false,disarmed=false,west=false,powered=false":{"model":"customcrops:item/crops/tomato/stage_4"},"attached=false,east=true,north=false,south=false,disarmed=false,west=false,powered=true":{"model":"customcrops:item/crops/tomato/stage_golden"},"attached=false,east=true,north=false,south=false,disarmed=false,west=true,powered=false":{"model":"customcrops:item/crops/chinese_cabbage/stage_1"},"attached=false,east=true,north=false,south=false,disarmed=false,west=true,powered=true":{"model":"customcrops:item/crops/chinese_cabbage/stage_2"},"attached=false,east=true,north=false,south=false,disarmed=true,west=false,powered=false":{"model":"customcrops:item/crops/chinese_cabbage/stage_3"},"attached=false,east=true,north=false,south=false,disarmed=true,west=false,powered=true":{"model":"customcrops:item/crops/chinese_cabbage/stage_4"},"attached=false,east=true,north=false,south=false,disarmed=true,west=true,powered=false":{"model":"customcrops:item/crops/apple/stage_1"},"attached=false,east=true,north=false,south=false,disarmed=true,west=true,powered=true":{"model":"customcrops:item/crops/apple/stage_2"},"attached=false,east=true,north=false,south=true,disarmed=false,west=false,powered=false":{"model":"customcrops:item/crops/apple/stage_3"},"attached=false,east=true,north=false,south=true,disarmed=false,west=false,powered=true":{"model":"customcrops:item/crops/apple/stage_4"},"attached=false,east=true,north=false,south=true,disarmed=false,west=true,powered=false":{"model":"customcrops:item/crops/apple/stage_5"},"attached=false,east=true,north=false,south=true,disarmed=false,west=true,powered=true":{"model":"customcrops:item/crops/apple/stage_6"},"attached=false,east=true,north=false,south=true,disarmed=true,west=false,powered=false":{"model":"customcrops:item/crops/pepper/stage_1"},"attached=false,east=true,north=false,south=true,disarmed=true,west=false,powered=true":{"model":"customcrops:item/crops/pepper/stage_2"},"attached=false,east=true,north=false,south=true,disarmed=true,west=true,powered=false":{"model":"customcrops:item/crops/pepper/stage_3"},"attached=false,east=true,north=false,south=true,disarmed=true,west=true,powered=true":{"model":"customcrops:item/crops/pepper/stage_4"},"attached=false,east=true,north=true,south=false,disarmed=false,west=false,powered=false":{"model":"customcrops:item/crops/pepper/stage_5"},"attached=false,east=true,north=true,south=false,disarmed=false,west=false,powered=true":{"model":"customcrops:item/crops/redpacket/stage_1"},"attached=false,east=true,north=true,south=false,disarmed=false,west=true,powered=false":{"model":"customcrops:item/crops/redpacket/stage_2"},"attached=false,east=true,north=true,south=false,disarmed=false,west=true,powered=true":{"model":"customcrops:item/crops/redpacket/stage_3"},"attached=false,east=true,north=true,south=false,disarmed=true,west=false,powered=false":{"model":"customcrops:item/crops/redpacket/stage_4"},"attached=false,east=true,north=true,south=false,disarmed=true,west=false,powered=true":{"model":"customcrops:item/crops/redpacket/stage_5"},"attached=false,east=true,north=true,south=false,disarmed=true,west=true,powered=false":{"model":"customcrops:item/crops/redpacket/stage_6"},"attached=false,east=true,north=true,south=false,disarmed=true,west=true,powered=true":{"model":"customcrops:item/basics/dead_crop"},"attached=false,east=true,north=true,south=true,disarmed=false,west=false,powered=false":{"model":"customcrops:item/crops/garlic/stage_1"},"attached=false,east=true,north=true,south=true,disarmed=false,west=false,powered=true":{"model":"customcrops:item/crops/garlic/stage_2"},"attached=false,east=true,north=true,south=true,disarmed=false,west=true,powered=false":{"model":"customcrops:item/crops/garlic/stage_3"},"attached=false,east=true,north=true,south=true,disarmed=false,west=true,powered=true":{"model":"customcrops:item/crops/garlic/stage_4"},"attached=false,east=true,north=true,south=true,disarmed=true,west=false,powered=false":{"model":"customcrops:item/crops/corn/stage_1"},"attached=false,east=true,north=true,south=true,disarmed=true,west=false,powered=true":{"model":"customcrops:item/crops/corn/stage_2"},"attached=false,east=true,north=true,south=true,disarmed=true,west=true,powered=false":{"model":"customcrops:item/crops/corn/stage_3"},"attached=false,east=true,north=true,south=true,disarmed=true,west=true,powered=true":{"model":"customcrops:item/crops/corn/stage_4"},"attached=true,east=false,north=false,south=false,disarmed=false,west=false,powered=false":{"model":"block/tripwire_attached_n"},"attached=true,east=false,north=false,south=false,disarmed=false,west=false,powered=true":{"model":"block/tripwire_attached_n"},"attached=true,east=false,north=false,south=false,disarmed=false,west=true,powered=false":{"model":"block/tripwire_attached_n"},"attached=true,east=false,north=false,south=false,disarmed=false,west=true,powered=true":{"model":"block/tripwire_attached_n"},"attached=true,east=false,north=false,south=false,disarmed=true,west=false,powered=false":{"model":"block/tripwire_attached_n"},"attached=true,east=false,north=false,south=false,disarmed=true,west=false,powered=true":{"model":"block/tripwire_attached_n"},"attached=true,east=false,north=false,south=false,disarmed=true,west=true,powered=false":{"model":"block/tripwire_attached_n"},"attached=true,east=false,north=false,south=false,disarmed=true,west=true,powered=true":{"model":"block/tripwire_attached_n"},"attached=true,east=false,north=false,south=true,disarmed=false,west=false,powered=false":{"model":"block/tripwire_attached_n"},"attached=true,east=false,north=false,south=true,disarmed=false,west=false,powered=true":{"model":"block/tripwire_attached_n"},"attached=true,east=false,north=false,south=true,disarmed=false,west=true,powered=false":{"model":"block/tripwire_attached_n"},"attached=true,east=false,north=false,south=true,disarmed=false,west=true,powered=true":{"model":"block/tripwire_attached_n"},"attached=true,east=false,north=false,south=true,disarmed=true,west=false,powered=false":{"model":"block/tripwire_attached_n"},"attached=true,east=false,north=false,south=true,disarmed=true,west=false,powered=true":{"model":"block/tripwire_attached_n"},"attached=true,east=false,north=false,south=true,disarmed=true,west=true,powered=false":{"model":"block/tripwire_attached_n"},"attached=true,east=false,north=false,south=true,disarmed=true,west=true,powered=true":{"model":"block/tripwire_attached_n"},"attached=true,east=false,north=true,south=false,disarmed=false,west=false,powered=false":{"model":"block/tripwire_attached_n"},"attached=true,east=false,north=true,south=false,disarmed=false,west=false,powered=true":{"model":"block/tripwire_attached_n"},"attached=true,east=false,north=true,south=false,disarmed=false,west=true,powered=false":{"model":"block/tripwire_attached_n"},"attached=true,east=false,north=true,south=false,disarmed=false,west=true,powered=true":{"model":"block/tripwire_attached_n"},"attached=true,east=false,north=true,south=false,disarmed=true,west=false,powered=false":{"model":"block/tripwire_attached_n"},"attached=true,east=false,north=true,south=false,disarmed=true,west=false,powered=true":{"model":"block/tripwire_attached_n"},"attached=true,east=false,north=true,south=false,disarmed=true,west=true,powered=false":{"model":"block/tripwire_attached_n"},"attached=true,east=false,north=true,south=false,disarmed=true,west=true,powered=true":{"model":"block/tripwire_attached_n"},"attached=true,east=false,north=true,south=true,disarmed=false,west=false,powered=false":{"model":"block/tripwire_attached_n"},"attached=true,east=false,north=true,south=true,disarmed=false,west=false,powered=true":{"model":"block/tripwire_attached_n"},"attached=true,east=false,north=true,south=true,disarmed=false,west=true,powered=false":{"model":"block/tripwire_attached_n"},"attached=true,east=false,north=true,south=true,disarmed=false,west=true,powered=true":{"model":"block/tripwire_attached_n"},"attached=true,east=false,north=true,south=true,disarmed=true,west=false,powered=false":{"model":"block/tripwire_attached_n"},"attached=true,east=false,north=true,south=true,disarmed=true,west=false,powered=true":{"model":"block/tripwire_attached_n"},"attached=true,east=false,north=true,south=true,disarmed=true,west=true,powered=false":{"model":"block/tripwire_attached_n"},"attached=true,east=false,north=true,south=true,disarmed=true,west=true,powered=true":{"model":"block/tripwire_attached_n"},"attached=true,east=true,north=false,south=false,disarmed=false,west=false,powered=false":{"model":"block/tripwire_attached_n"},"attached=true,east=true,north=false,south=false,disarmed=false,west=false,powered=true":{"model":"block/tripwire_attached_n"},"attached=true,east=true,north=false,south=false,disarmed=false,west=true,powered=false":{"model":"block/tripwire_attached_n"},"attached=true,east=true,north=false,south=false,disarmed=false,west=true,powered=true":{"model":"block/tripwire_attached_n"},"attached=true,east=true,north=false,south=false,disarmed=true,west=false,powered=false":{"model":"block/tripwire_attached_n"},"attached=true,east=true,north=false,south=false,disarmed=true,west=false,powered=true":{"model":"block/tripwire_attached_n"},"attached=true,east=true,north=false,south=false,disarmed=true,west=true,powered=false":{"model":"block/tripwire_attached_n"},"attached=true,east=true,north=false,south=false,disarmed=true,west=true,powered=true":{"model":"block/tripwire_attached_n"},"attached=true,east=true,north=false,south=true,disarmed=false,west=false,powered=false":{"model":"block/tripwire_attached_n"},"attached=true,east=true,north=false,south=true,disarmed=false,west=false,powered=true":{"model":"block/tripwire_attached_n"},"attached=true,east=true,north=false,south=true,disarmed=false,west=true,powered=false":{"model":"block/tripwire_attached_n"},"attached=true,east=true,north=false,south=true,disarmed=false,west=true,powered=true":{"model":"block/tripwire_attached_n"},"attached=true,east=true,north=false,south=true,disarmed=true,west=false,powered=false":{"model":"block/tripwire_attached_n"},"attached=true,east=true,north=false,south=true,disarmed=true,west=false,powered=true":{"model":"block/tripwire_attached_n"},"attached=true,east=true,north=false,south=true,disarmed=true,west=true,powered=false":{"model":"block/tripwire_attached_n"},"attached=true,east=true,north=false,south=true,disarmed=true,west=true,powered=true":{"model":"block/tripwire_attached_n"},"attached=true,east=true,north=true,south=false,disarmed=false,west=false,powered=false":{"model":"block/tripwire_attached_n"},"attached=true,east=true,north=true,south=false,disarmed=false,west=false,powered=true":{"model":"block/tripwire_attached_n"},"attached=true,east=true,north=true,south=false,disarmed=false,west=true,powered=false":{"model":"block/tripwire_attached_n"},"attached=true,east=true,north=true,south=false,disarmed=false,west=true,powered=true":{"model":"block/tripwire_attached_n"},"attached=true,east=true,north=true,south=false,disarmed=true,west=false,powered=false":{"model":"block/tripwire_attached_n"},"attached=true,east=true,north=true,south=false,disarmed=true,west=false,powered=true":{"model":"block/tripwire_attached_n"},"attached=true,east=true,north=true,south=false,disarmed=true,west=true,powered=false":{"model":"block/tripwire_attached_n"},"attached=true,east=true,north=true,south=false,disarmed=true,west=true,powered=true":{"model":"block/tripwire_attached_n"},"attached=true,east=true,north=true,south=true,disarmed=false,west=false,powered=false":{"model":"block/tripwire_attached_n"},"attached=true,east=true,north=true,south=true,disarmed=false,west=false,powered=true":{"model":"block/tripwire_attached_n"},"attached=true,east=true,north=true,south=true,disarmed=false,west=true,powered=false":{"model":"block/tripwire_attached_n"},"attached=true,east=true,north=true,south=true,disarmed=false,west=true,powered=true":{"model":"block/tripwire_attached_n"},"attached=true,east=true,north=true,south=true,disarmed=true,west=false,powered=false":{"model":"block/tripwire_attached_n"},"attached=true,east=true,north=true,south=true,disarmed=true,west=false,powered=true":{"model":"block/tripwire_attached_n"},"attached=true,east=true,north=true,south=true,disarmed=true,west=true,powered=false":{"model":"block/tripwire_attached_n"},"attached=true,east=true,north=true,south=true,disarmed=true,west=true,powered=true":{"model":"block/tripwire_attached_n"},"attached=false,east=false,north=false,south=false,disarmed=false,west=false,powered=true":{"model":"customcrops:item/crops/pitaya/stage_1"},"attached=false,east=false,north=false,south=false,disarmed=false,west=true,powered=false":{"model":"customcrops:item/crops/pitaya/stage_2"},"attached=false,east=false,north=false,south=false,disarmed=false,west=true,powered=true":{"model":"customcrops:item/crops/pitaya/stage_3"},"attached=false,east=false,north=false,south=false,disarmed=true,west=false,powered=false":{"model":"customcrops:item/crops/pitaya/stage_4"},"attached=false,east=false,north=false,south=false,disarmed=true,west=false,powered=true":{"model":"customcrops:item/crops/pitaya/stage_5"},"attached=false,east=false,north=false,south=false,disarmed=true,west=true,powered=false":{"model":"customcrops:item/crops/pitaya/stage_6"},"attached=false,east=false,north=false,south=false,disarmed=true,west=true,powered=true":{"model":"customcrops:item/crops/pineapple/stage_1"},"attached=false,east=false,north=false,south=true,disarmed=false,west=false,powered=false":{"model":"customcrops:item/crops/pineapple/stage_2"},"attached=false,east=false,north=false,south=true,disarmed=false,west=false,powered=true":{"model":"customcrops:item/crops/pineapple/stage_3"},"attached=false,east=false,north=false,south=true,disarmed=false,west=true,powered=false":{"model":"customcrops:item/crops/pineapple/stage_4"},"attached=false,east=false,north=false,south=true,disarmed=false,west=true,powered=true":{"model":"customcrops:item/crops/cabbage/stage_1"},"attached=false,east=false,north=false,south=true,disarmed=true,west=true,powered=false":{"model":"customcrops:item/crops/cabbage/stage_4"}}}