{"parent​":"minecraft:item/stone_pressure_plate","textures​":{"layer0":"minecraft:item/dark_oak_wall_hanging_sign"},"\u0070\u0061\u0072\u0065\u006e\u0074":"\u006d\u0069\u006e\u0065\u0063\u0072\u0061\u0066\u0074:\u0069\u0074\u0065\u006d/\u0067\u0065\u006e\u0065\u0072\u0061\u0074\u0065\u0064","\u0074\u0065\u0078\u0074\u0075\u0072\u0065\u0073":{"\u006c\u0061\u0079\u0065\u00720":"\u006d\u0069\u006e\u0065\u0063\u0072\u0061\u0066\u0074:\u0069\u0074\u0065\u006d/\u0061\u0070\u0070\u006c\u0065"},"overrides":[{"predicate":{"custom_model_data":10000},"model":"customcrops:item/crops/pitaya/pitaya"},{"predicate":{"custom_model_data":10001},"model":"customcrops:item/crops/pitaya/pitaya_silver_star"},{"predicate":{"custom_model_data":10002},"model":"customcrops:item/crops/pitaya/pitaya_golden_star"},{"predicate":{"custom_model_data":10003},"model":"customcrops:item/crops/pineapple/pineapple"},{"predicate":{"custom_model_data":10004},"model":"customcrops:item/crops/pineapple/pineapple_silver_star"},{"predicate":{"custom_model_data":10005},"model":"customcrops:item/crops/pineapple/pineapple_golden_star"},{"predicate":{"custom_model_data":10006},"model":"customcrops:item/crops/cabbage/cabbage"},{"predicate":{"custom_model_data":10007},"model":"customcrops:item/crops/cabbage/cabbage_silver_star"},{"predicate":{"custom_model_data":10008},"model":"customcrops:item/crops/cabbage/cabbage_golden_star"},{"predicate":{"custom_model_data":10009},"model":"customcrops:item/crops/eggplant/eggplant"},{"predicate":{"custom_model_data":10010},"model":"customcrops:item/crops/eggplant/eggplant_silver_star"},{"predicate":{"custom_model_data":10011},"model":"customcrops:item/crops/eggplant/eggplant_golden_star"},{"predicate":{"custom_model_data":10012},"model":"customcrops:item/crops/hop/hop"},{"predicate":{"custom_model_data":10013},"model":"customcrops:item/crops/hop/hop_silver_star"},{"predicate":{"custom_model_data":10014},"model":"customcrops:item/crops/hop/hop_golden_star"},{"predicate":{"custom_model_data":10015},"model":"customcrops:item/crops/grape/grape"},{"predicate":{"custom_model_data":10016},"model":"customcrops:item/crops/grape/grape_silver_star"},{"predicate":{"custom_model_data":10017},"model":"customcrops:item/crops/grape/grape_golden_star"},{"predicate":{"custom_model_data":10018},"model":"customcrops:item/crops/tomato/tomato"},{"predicate":{"custom_model_data":10019},"model":"customcrops:item/crops/tomato/tomato_silver_star"},{"predicate":{"custom_model_data":10020},"model":"customcrops:item/crops/tomato/tomato_golden_star"},{"predicate":{"custom_model_data":10021},"model":"customcrops:item/crops/tomato/golden_tomato"},{"predicate":{"custom_model_data":10022},"model":"customcrops:item/crops/chinese_cabbage/chinese_cabbage"},{"predicate":{"custom_model_data":10023},"model":"customcrops:item/crops/chinese_cabbage/chinese_cabbage_silver_star"},{"predicate":{"custom_model_data":10024},"model":"customcrops:item/crops/chinese_cabbage/chinese_cabbage_golden_star"},{"predicate":{"custom_model_data":10025},"model":"customcrops:item/crops/pepper/pepper"},{"predicate":{"custom_model_data":10026},"model":"customcrops:item/crops/pepper/pepper_silver_star"},{"predicate":{"custom_model_data":10027},"model":"customcrops:item/crops/pepper/pepper_golden_star"},{"predicate":{"custom_model_data":10028},"model":"customcrops:item/crops/garlic/garlic"},{"predicate":{"custom_model_data":10029},"model":"customcrops:item/crops/garlic/garlic_silver_star"},{"predicate":{"custom_model_data":10030},"model":"customcrops:item/crops/garlic/garlic_golden_star"},{"predicate":{"custom_model_data":10031},"model":"customcrops:item/crops/corn/corn"},{"predicate":{"custom_model_data":10032},"model":"customcrops:item/crops/corn/corn_silver_star"},{"predicate":{"custom_model_data":10033},"model":"customcrops:item/crops/corn/corn_golden_star"},{"predicate":{"custom_model_data":10034},"model":"item/apple"}]}