{"parent​":"minecraft:item/red_candle_cake","textures​":{"\u006c\u0061\u0079\u0065\u00720":"\u0069\u0074\u0065\u006d/\u0066\u0069\u0073\u0068\u0069\u006e\u0067_\u0072\u006f\u0064"},"\u0070\u0061\u0072\u0065\u006e\u0074":"\u0069\u0074\u0065\u006d/\u0068\u0061\u006e\u0064\u0068\u0065\u006c\u0064_\u0072\u006f\u0064","\u0074\u0065\u0078\u0074\u0075\u0072\u0065\u0073":{"\u006c\u0061\u0079\u0065\u00720":"\u0069\u0074\u0065\u006d/\u0066\u0069\u0073\u0068\u0069\u006e\u0067_\u0072\u006f\u0064"},"overrides":[{"predicate":{"cast":1},"model":"item/fishing_rod_cast"},{"predicate":{"custom_model_data":50001},"model":"customfishing:item/rod/beginner_rod"},{"predicate":{"cast":1,"custom_model_data":50001},"model":"customfishing:item/rod/beginner_rod_cast"},{"predicate":{"custom_model_data":50002},"model":"customfishing:item/rod/silver_rod"},{"predicate":{"cast":1,"custom_model_data":50002},"model":"customfishing:item/rod/silver_rod_cast"},{"predicate":{"custom_model_data":50003},"model":"customfishing:item/rod/golden_rod"},{"predicate":{"cast":1,"custom_model_data":50003},"model":"customfishing:item/rod/golden_rod_cast"},{"predicate":{"custom_model_data":50004},"model":"customfishing:item/rod/star_rod"},{"predicate":{"cast":1,"custom_model_data":50004},"model":"customfishing:item/rod/star_rod_cast"},{"predicate":{"custom_model_data":50005},"model":"customfishing:item/rod/bone_rod"},{"predicate":{"cast":1,"custom_model_data":50005},"model":"customfishing:item/rod/bone_rod_cast"},{"predicate":{"custom_model_data":50006},"model":"customfishing:item/rod/magical_rod"},{"predicate":{"cast":1,"custom_model_data":50006},"model":"customfishing:item/rod/magical_rod_cast"},{"predicate":{"custom_model_data":50007},"model":"customfishing:item/rod/master_rod"},{"predicate":{"cast":1,"custom_model_data":50007},"model":"customfishing:item/rod/master_rod_cast"},{"predicate":{"custom_model_data":50008},"model":"item/fishing_rod"}]}