{"parent​":"minecraft:item/acacia_stairs","textures​":{"\u006c\u0061\u0079\u0065\u00720":"\u006d\u0069\u006e\u0065\u0063\u0072\u0061\u0066\u0074:\u0069\u0074\u0065\u006d/\u0070\u0061\u0070\u0065\u0072"},"\u0070\u0061\u0072\u0065\u006e\u0074":"\u006d\u0069\u006e\u0065\u0063\u0072\u0061\u0066\u0074:\u0069\u0074\u0065\u006d/\u0067\u0065\u006e\u0065\u0072\u0061\u0074\u0065\u0064","\u0074\u0065\u0078\u0074\u0075\u0072\u0065\u0073":{"\u006c\u0061\u0079\u0065\u00720":"\u006d\u0069\u006e\u0065\u0063\u0072\u0061\u0066\u0074:\u0069\u0074\u0065\u006d/\u0070\u0061\u0070\u0065\u0072"},"overrides":[{"predicate":{"custom_model_data":10000},"model":"_iainternal:item/ia_auto/icon_left_blue"},{"predicate":{"custom_model_data":10001},"model":"_iainternal:item/ia_auto/icon_right_blue"},{"predicate":{"custom_model_data":10002},"model":"_iainternal:item/ia_auto/icon_search"},{"predicate":{"custom_model_data":10003},"model":"_iainternal:item/ia_auto/icon_cancel"},{"predicate":{"custom_model_data":10004},"model":"_iainternal:item/ia_auto/icon_arrow_chest"},{"predicate":{"custom_model_data":10005},"model":"_iainternal:item/ia_auto/icon_back_orange"},{"predicate":{"custom_model_data":10006},"model":"_iainternal:item/ia_auto/icon_next_orange"},{"predicate":{"custom_model_data":10007},"model":"customcrops:item/crops/pitaya/stage_1"},{"predicate":{"custom_model_data":10008},"model":"customcrops:item/crops/pitaya/stage_2"},{"predicate":{"custom_model_data":10009},"model":"customcrops:item/crops/pitaya/stage_3"},{"predicate":{"custom_model_data":10010},"model":"customcrops:item/crops/pitaya/stage_4"},{"predicate":{"custom_model_data":10011},"model":"customcrops:item/crops/pitaya/stage_5"},{"predicate":{"custom_model_data":10012},"model":"customcrops:item/crops/pitaya/stage_6"},{"predicate":{"custom_model_data":10013},"model":"customcrops:item/crops/pitaya/pitaya_seeds"},{"predicate":{"custom_model_data":10014},"model":"customcrops:item/crops/pineapple/stage_1"},{"predicate":{"custom_model_data":10015},"model":"customcrops:item/crops/pineapple/stage_2"},{"predicate":{"custom_model_data":10016},"model":"customcrops:item/crops/pineapple/stage_3"},{"predicate":{"custom_model_data":10017},"model":"customcrops:item/crops/pineapple/stage_4"},{"predicate":{"custom_model_data":10018},"model":"customcrops:item/crops/pineapple/pineapple_seeds"},{"predicate":{"custom_model_data":10019},"model":"customcrops:item/crops/pineapple/gigantic_pineapple"},{"predicate":{"custom_model_data":10020},"model":"customcrops:item/crops/cabbage/stage_1"},{"predicate":{"custom_model_data":10021},"model":"customcrops:item/crops/cabbage/stage_2"},{"predicate":{"custom_model_data":10022},"model":"customcrops:item/crops/cabbage/stage_3"},{"predicate":{"custom_model_data":10023},"model":"customcrops:item/crops/cabbage/stage_4"},{"predicate":{"custom_model_data":10024},"model":"customcrops:item/crops/cabbage/cabbage_seeds"},{"predicate":{"custom_model_data":10025},"model":"customcrops:item/crops/cabbage/gigantic_cabbage"},{"predicate":{"custom_model_data":10026},"model":"customcrops:item/crops/eggplant/stage_1"},{"predicate":{"custom_model_data":10027},"model":"customcrops:item/crops/eggplant/stage_2"},{"predicate":{"custom_model_data":10028},"model":"customcrops:item/crops/eggplant/stage_3"},{"predicate":{"custom_model_data":10029},"model":"customcrops:item/crops/eggplant/stage_4"},{"predicate":{"custom_model_data":10030},"model":"customcrops:item/crops/eggplant/eggplant_seeds"},{"predicate":{"custom_model_data":10031},"model":"customcrops:item/crops/hop/stage_1"},{"predicate":{"custom_model_data":10032},"model":"customcrops:item/crops/hop/stage_2"},{"predicate":{"custom_model_data":10033},"model":"customcrops:item/crops/hop/stage_3"},{"predicate":{"custom_model_data":10034},"model":"customcrops:item/crops/hop/stage_4"},{"predicate":{"custom_model_data":10035},"model":"customcrops:item/crops/hop/hop_seeds"},{"predicate":{"custom_model_data":10036},"model":"customcrops:item/crops/grape/stage_1"},{"predicate":{"custom_model_data":10037},"model":"customcrops:item/crops/grape/stage_2"},{"predicate":{"custom_model_data":10038},"model":"customcrops:item/crops/grape/stage_3"},{"predicate":{"custom_model_data":10039},"model":"customcrops:item/crops/grape/stage_4"},{"predicate":{"custom_model_data":10040},"model":"customcrops:item/crops/grape/stage_5"},{"predicate":{"custom_model_data":10041},"model":"customcrops:item/crops/grape/stage_6"},{"predicate":{"custom_model_data":10042},"model":"customcrops:item/crops/grape/grape_seeds"},{"predicate":{"custom_model_data":10043},"model":"customcrops:item/crops/tomato/stage_1"},{"predicate":{"custom_model_data":10044},"model":"customcrops:item/crops/tomato/stage_2"},{"predicate":{"custom_model_data":10045},"model":"customcrops:item/crops/tomato/stage_3"},{"predicate":{"custom_model_data":10046},"model":"customcrops:item/crops/tomato/stage_4"},{"predicate":{"custom_model_data":10047},"model":"customcrops:item/crops/tomato/stage_golden"},{"predicate":{"custom_model_data":10048},"model":"customcrops:item/crops/tomato/tomato_seeds"},{"predicate":{"custom_model_data":10049},"model":"customcrops:item/crops/tomato/gigantic_tomato"},{"predicate":{"custom_model_data":10050},"model":"customcrops:item/crops/chinese_cabbage/stage_1"},{"predicate":{"custom_model_data":10051},"model":"customcrops:item/crops/chinese_cabbage/stage_2"},{"predicate":{"custom_model_data":10052},"model":"customcrops:item/crops/chinese_cabbage/stage_3"},{"predicate":{"custom_model_data":10053},"model":"customcrops:item/crops/chinese_cabbage/stage_4"},{"predicate":{"custom_model_data":10054},"model":"customcrops:item/crops/chinese_cabbage/chinese_cabbage_seeds"},{"predicate":{"custom_model_data":10055},"model":"customcrops:item/fertilizers/speed_grow_1"},{"predicate":{"custom_model_data":10056},"model":"customcrops:item/fertilizers/speed_grow_2"},{"predicate":{"custom_model_data":10057},"model":"customcrops:item/fertilizers/speed_grow_3"},{"predicate":{"custom_model_data":10058},"model":"customcrops:item/fertilizers/soil_retain_1"},{"predicate":{"custom_model_data":10059},"model":"customcrops:item/fertilizers/soil_retain_2"},{"predicate":{"custom_model_data":10060},"model":"customcrops:item/fertilizers/soil_retain_3"},{"predicate":{"custom_model_data":10061},"model":"customcrops:item/fertilizers/quality_1"},{"predicate":{"custom_model_data":10062},"model":"customcrops:item/fertilizers/quality_2"},{"predicate":{"custom_model_data":10063},"model":"customcrops:item/fertilizers/quality_3"},{"predicate":{"custom_model_data":10064},"model":"customcrops:item/fertilizers/yield_increase_1"},{"predicate":{"custom_model_data":10065},"model":"customcrops:item/fertilizers/yield_increase_2"},{"predicate":{"custom_model_data":10066},"model":"customcrops:item/fertilizers/yield_increase_3"},{"predicate":{"custom_model_data":10067},"model":"customcrops:item/fertilizers/variation_1"},{"predicate":{"custom_model_data":10068},"model":"customcrops:item/fertilizers/variation_2"},{"predicate":{"custom_model_data":10069},"model":"customcrops:item/fertilizers/variation_3"},{"predicate":{"custom_model_data":10070},"model":"customcrops:item/crops/apple/stage_1"},{"predicate":{"custom_model_data":10071},"model":"customcrops:item/crops/apple/stage_2"},{"predicate":{"custom_model_data":10072},"model":"customcrops:item/crops/apple/stage_3"},{"predicate":{"custom_model_data":10073},"model":"customcrops:item/crops/apple/stage_4"},{"predicate":{"custom_model_data":10074},"model":"customcrops:item/crops/apple/stage_5"},{"predicate":{"custom_model_data":10075},"model":"customcrops:item/crops/apple/stage_6"},{"predicate":{"custom_model_data":10076},"model":"customcrops:item/crops/pepper/stage_1"},{"predicate":{"custom_model_data":10077},"model":"customcrops:item/crops/pepper/stage_2"},{"predicate":{"custom_model_data":10078},"model":"customcrops:item/crops/pepper/stage_3"},{"predicate":{"custom_model_data":10079},"model":"customcrops:item/crops/pepper/stage_4"},{"predicate":{"custom_model_data":10080},"model":"customcrops:item/crops/pepper/stage_5"},{"predicate":{"custom_model_data":10081},"model":"customcrops:item/crops/pepper/pepper_seeds"},{"predicate":{"custom_model_data":10082},"model":"customcrops:item/crops/redpacket/stage_1"},{"predicate":{"custom_model_data":10083},"model":"customcrops:item/crops/redpacket/stage_2"},{"predicate":{"custom_model_data":10084},"model":"customcrops:item/crops/redpacket/stage_3"},{"predicate":{"custom_model_data":10085},"model":"customcrops:item/crops/redpacket/stage_4"},{"predicate":{"custom_model_data":10086},"model":"customcrops:item/crops/redpacket/stage_5"},{"predicate":{"custom_model_data":10087},"model":"customcrops:item/crops/redpacket/stage_6"},{"predicate":{"custom_model_data":10088},"model":"customcrops:item/crops/redpacket/redpacket_seeds"},{"predicate":{"custom_model_data":10089},"model":"customcrops:item/crops/redpacket/redpacket"},{"predicate":{"custom_model_data":10090},"model":"customcrops:item/basics/dry_pot"},{"predicate":{"custom_model_data":10091},"model":"customcrops:item/basics/wet_pot"},{"predicate":{"custom_model_data":10092},"model":"customcrops:item/basics/crow_stand"},{"predicate":{"custom_model_data":10093},"model":"customcrops:item/basics/crow_fly"},{"predicate":{"custom_model_data":10094},"model":"customcrops:item/basics/scarecrow"},{"predicate":{"custom_model_data":10095},"model":"customcrops:item/basics/greenhouse_glass"},{"predicate":{"custom_model_data":10096},"model":"customcrops:item/basics/dead_crop"},{"predicate":{"custom_model_data":10097},"model":"customcrops:item/basics/soil_surveyor"},{"predicate":{"custom_model_data":10098},"model":"customcrops:item/crops/garlic/stage_1"},{"predicate":{"custom_model_data":10099},"model":"customcrops:item/crops/garlic/stage_2"},{"predicate":{"custom_model_data":10100},"model":"customcrops:item/crops/garlic/stage_3"},{"predicate":{"custom_model_data":10101},"model":"customcrops:item/crops/garlic/stage_4"},{"predicate":{"custom_model_data":10102},"model":"customcrops:item/crops/garlic/garlic_seeds"},{"predicate":{"custom_model_data":10103},"model":"customcrops:item/sprinklers/water_effect"},{"predicate":{"custom_model_data":10104},"model":"customcrops:item/sprinklers/sprinkler_1"},{"predicate":{"custom_model_data":10105},"model":"customcrops:item/sprinklers/sprinkler_1_item"},{"predicate":{"custom_model_data":10106},"model":"customcrops:item/sprinklers/sprinkler_2"},{"predicate":{"custom_model_data":10107},"model":"customcrops:item/sprinklers/sprinkler_2_item"},{"predicate":{"custom_model_data":10108},"model":"customcrops:item/sprinklers/sprinkler_3"},{"predicate":{"custom_model_data":10109},"model":"customcrops:item/sprinklers/sprinkler_3_item"},{"predicate":{"custom_model_data":10110},"model":"customcrops:item/crops/corn/stage_1"},{"predicate":{"custom_model_data":10111},"model":"customcrops:item/crops/corn/stage_2"},{"predicate":{"custom_model_data":10112},"model":"customcrops:item/crops/corn/stage_3"},{"predicate":{"custom_model_data":10113},"model":"customcrops:item/crops/corn/stage_4"},{"predicate":{"custom_model_data":10114},"model":"customcrops:item/crops/corn/corn_seeds"},{"predicate":{"custom_model_data":10115},"model":"motor_returnscroll:item/ia_auto/returnscroll"},{"predicate":{"custom_model_data":10116},"model":"shop_common:item/ia_auto/blank"},{"predicate":{"custom_model_data":10117},"model":"encbook:item/ia_auto/blank"},{"predicate":{"custom_model_data":10118},"model":"encbook:item/ia_auto/completed"},{"predicate":{"custom_model_data":10119},"model":"random:item/ia_auto/blank"},{"predicate":{"custom_model_data":10120},"model":"random:item/ia_auto/random_restyle_blue"},{"predicate":{"custom_model_data":10121},"model":"random:item/ia_auto/random_restyle_yellow"},{"predicate":{"custom_model_data":10122},"model":"random:item/ia_auto/random_restyle_red"},{"predicate":{"custom_model_data":10123},"model":"random:item/ia_auto/randombox_1"},{"predicate":{"custom_model_data":10124},"model":"random:item/ia_auto/randombox_2"},{"predicate":{"custom_model_data":10125},"model":"random:item/ia_auto/randombox_3"},{"predicate":{"custom_model_data":10126},"model":"random:item/ia_auto/randombox_4"},{"predicate":{"custom_model_data":10127},"model":"random:item/ia_auto/randombox_5"},{"predicate":{"custom_model_data":10128},"model":"random:item/ia_auto/randombox_1_1"},{"predicate":{"custom_model_data":10129},"model":"random:item/ia_auto/randombox_2_1"},{"predicate":{"custom_model_data":10130},"model":"random:item/ia_auto/randombox_3_1"},{"predicate":{"custom_model_data":10131},"model":"random:item/ia_auto/randombox_4_1"},{"predicate":{"custom_model_data":10132},"model":"random:item/ia_auto/randombox_5_1"},{"predicate":{"custom_model_data":10133},"model":"random:item/ia_auto/randombox_get"},{"predicate":{"custom_model_data":10134},"model":"random:item/ia_auto/randombox_up"},{"predicate":{"custom_model_data":10135},"model":"pickup:item/ia_auto/blank"},{"predicate":{"custom_model_data":10136},"model":"pickup:item/ia_auto/blocked"},{"predicate":{"custom_model_data":10137},"model":"pickup:item/ia_auto/pickup_restyle_blue"},{"predicate":{"custom_model_data":10138},"model":"pickup:item/ia_auto/pickup_restyle_yellow"},{"predicate":{"custom_model_data":10139},"model":"pickup:item/ia_auto/pickup_restyle_red"},{"predicate":{"custom_model_data":10140},"model":"pickup:item/ia_auto/pickup_blue"},{"predicate":{"custom_model_data":10141},"model":"pickup:item/ia_auto/pickup_green"},{"predicate":{"custom_model_data":10142},"model":"pickup:item/ia_auto/pickup_red"},{"predicate":{"custom_model_data":10143},"model":"pickup:item/ia_auto/pickup_royal"},{"predicate":{"custom_model_data":10144},"model":"pickup:item/ia_auto/pickup_white"},{"predicate":{"custom_model_data":10145},"model":"pickup:item/ia_auto/pickup_yellow"},{"predicate":{"custom_model_data":10146},"model":"package:item/ia_auto/blank"},{"predicate":{"custom_model_data":10147},"model":"package:item/ia_auto/package_restyle_blue"},{"predicate":{"custom_model_data":10148},"model":"package:item/ia_auto/package_restyle_yellow"},{"predicate":{"custom_model_data":10149},"model":"package:item/ia_auto/package_restyle_red"},{"predicate":{"custom_model_data":10150},"model":"package:item/ia_auto/package_blue"},{"predicate":{"custom_model_data":10151},"model":"package:item/ia_auto/package_green"},{"predicate":{"custom_model_data":10152},"model":"package:item/ia_auto/package_red"},{"predicate":{"custom_model_data":10153},"model":"package:item/ia_auto/package_royal"},{"predicate":{"custom_model_data":10154},"model":"package:item/ia_auto/package_white"},{"predicate":{"custom_model_data":10155},"model":"package:item/ia_auto/package_yellow"},{"predicate":{"custom_model_data":49998},"model":"customfishing:item/util/splash_water"},{"predicate":{"custom_model_data":49999},"model":"customfishing:item/util/splash_lava"},{"predicate":{"custom_model_data":50000},"model":"customfishing:item/util/fishfinder"},{"predicate":{"custom_model_data":50001},"model":"customfishing:item/bait/simple_bait"},{"predicate":{"custom_model_data":50002},"model":"customfishing:item/bait/magnetic_bait"},{"predicate":{"custom_model_data":50003},"model":"customfishing:item/bait/wild_bait"},{"predicate":{"custom_model_data":50004},"model":"item/paper"}]}