{"textures​":{"layer0":"minecraft:item/cooked_mutton"},"credit":"XiaoMoMi","\u0074\u0065\u0078\u0074\u0075\u0072\u0065\u0073":{"0":"\u0063\u0075\u0073\u0074\u006f\u006d\u0063\u0072\u006f\u0070\u0073:\u0069\u0074\u0065\u006d/\u0073\u0070\u0072\u0069\u006e\u006b\u006c\u0065\u0072\u0073/\u0073\u0070\u0072\u0069\u006e\u006b\u006c\u0065\u0072_1","\u0070\u0061\u0072\u0074\u0069\u0063\u006c\u0065":"\u0063\u0075\u0073\u0074\u006f\u006d\u0063\u0072\u006f\u0070\u0073:\u0069\u0074\u0065\u006d/\u0073\u0070\u0072\u0069\u006e\u006b\u006c\u0065\u0072\u0073/\u0073\u0070\u0072\u0069\u006e\u006b\u006c\u0065\u0072_1"},"elements":[{"from":[7,7,1.55166],"to":[9,9,13.55166],"faces":{"east":{"uv":[0,7,12,9],"texture":"#0"},"west":{"uv":[0,7,12,9],"texture":"#0"},"up":{"uv":[14,0,16,12],"texture":"#0"},"down":{"uv":[14,0,16,12],"texture":"#0"}}},{"from":[7,0,6.5],"to":[9,4,8.5],"faces":{"north":{"uv":[13,9,15,13],"texture":"#0"},"east":{"uv":[13,12,15,16],"texture":"#0"},"south":{"uv":[9,7,11,11],"texture":"#0"},"west":{"uv":[13,0,15,4],"texture":"#0"},"up":{"uv":[2,5,5,8],"texture":"#0"},"down":{"uv":[10,5,12,7],"texture":"#0"}}},{"from":[6.5,3,6],"to":[9.5,7,9],"faces":{"north":{"uv":[13,9,16,13],"texture":"#0"},"east":{"uv":[0,8,3,12],"texture":"#0"},"south":{"uv":[9,7,12,11],"texture":"#0"},"west":{"uv":[5,3,8,7],"texture":"#0"},"up":{"uv":[2,5,5,8],"texture":"#0"},"down":{"uv":[6,7,9,10],"texture":"#0"}}},{"from":[6,6,1],"to":[10,10,2],"faces":{"north":{"uv":[0,0,4,4],"texture":"#0"},"east":{"uv":[0,0,1,4],"texture":"#0"},"south":{"uv":[0,0,4,4],"texture":"#0"},"west":{"uv":[3,0,4,4],"texture":"#0"},"up":{"uv":[0,0,4,1],"texture":"#0"},"down":{"uv":[0,3,4,4],"texture":"#0"}}},{"from":[6,6,13.5],"to":[10,10,14.5],"faces":{"north":{"uv":[0,0,4,4],"texture":"#0"},"east":{"uv":[0,0,1,4],"texture":"#0"},"south":{"uv":[0,0,4,4],"texture":"#0"},"west":{"uv":[3,0,4,4],"texture":"#0"},"up":{"uv":[0,0,4,1],"texture":"#0"},"down":{"uv":[0,3,4,4],"texture":"#0"}}},{"from":[1,6,5.5],"to":[2,10,9.5],"faces":{"north":{"uv":[0,0,1,4],"texture":"#0"},"east":{"uv":[0,0,4,4],"texture":"#0"},"south":{"uv":[3,0,4,4],"texture":"#0"},"west":{"uv":[0,0,4,4],"texture":"#0"},"up":{"uv":[0,0,4,1],"rotation":270,"texture":"#0"},"down":{"uv":[0,3,4,4],"rotation":90,"texture":"#0"}}},{"from":[14,6,5.5],"to":[15,10,9.5],"faces":{"north":{"uv":[0,0,1,4],"texture":"#0"},"east":{"uv":[0,0,4,4],"texture":"#0"},"south":{"uv":[3,0,4,4],"texture":"#0"},"west":{"uv":[0,0,4,4],"texture":"#0"},"up":{"uv":[0,0,4,1],"rotation":270,"texture":"#0"},"down":{"uv":[0,3,4,4],"rotation":90,"texture":"#0"}}},{"from":[2,7.1,6.55166],"to":[14,9.1,8.55166],"faces":{"north":{"uv":[0,7,12,9],"texture":"#0"},"south":{"uv":[0,7,12,9],"texture":"#0"},"up":{"uv":[14,0,16,12],"rotation":270,"texture":"#0"},"down":{"uv":[14,0,16,12],"rotation":90,"texture":"#0"}}}],"gui_light":"front","display":{"ground":{"translation":[0,2,0],"scale":[0.3,0.3,0.3]},"gui":{"rotation":[30,45,0],"scale":[0.8,0.8,0.8]},"head":{"translation":[0,-31,0],"scale":[1.5,1.5,1.5]},"fixed":{"rotation":[-90,0,0],"translation":[0,0,-16],"scale":[2,2,2]}}}