{"textures​":{"0":"\u0063\u0075\u0073\u0074\u006f\u006d\u0063\u0072\u006f\u0070\u0073:\u0069\u0074\u0065\u006d/\u0073\u0070\u0072\u0069\u006e\u006b\u006c\u0065\u0072\u0073/\u0073\u0070\u0072\u0069\u006e\u006b\u006c\u0065\u0072_1","1":"\u0063\u0075\u0073\u0074\u006f\u006d\u0063\u0072\u006f\u0070\u0073:\u0069\u0074\u0065\u006d/\u0063\u0072\u006f\u0070\u0073/\u0074\u006f\u006d\u0061\u0074\u006f/\u0073\u0074\u0061\u0067\u0065_4","2":"\u0063\u0075\u0073\u0074\u006f\u006d\u0063\u0072\u006f\u0070\u0073:\u0069\u0074\u0065\u006d/\u0063\u0072\u006f\u0070\u0073/\u0074\u006f\u006d\u0061\u0074\u006f/\u0067\u006f\u006c\u0064\u0065\u006e_\u0074\u006f\u006d\u0061\u0074\u006f","\u0070\u0061\u0072\u0074\u0069\u0063\u006c\u0065":"\u0063\u0075\u0073\u0074\u006f\u006d\u0063\u0072\u006f\u0070\u0073:\u0069\u0074\u0065\u006d/\u0073\u0070\u0072\u0069\u006e\u006b\u006c\u0065\u0072\u0073/\u0073\u0070\u0072\u0069\u006e\u006b\u006c\u0065\u0072_1"},"credit":"momirealms","\u0074\u0065\u0078\u0074\u0075\u0072\u0065\u0073":{"0":"\u0063\u0075\u0073\u0074\u006f\u006d\u0063\u0072\u006f\u0070\u0073:\u0069\u0074\u0065\u006d/\u0073\u0070\u0072\u0069\u006e\u006b\u006c\u0065\u0072\u0073/\u0073\u0070\u0072\u0069\u006e\u006b\u006c\u0065\u0072_1","1":"\u0063\u0075\u0073\u0074\u006f\u006d\u0063\u0072\u006f\u0070\u0073:\u0069\u0074\u0065\u006d/\u0063\u0072\u006f\u0070\u0073/\u0074\u006f\u006d\u0061\u0074\u006f/\u0073\u0074\u0061\u0067\u0065_4","2":"\u0063\u0075\u0073\u0074\u006f\u006d\u0063\u0072\u006f\u0070\u0073:\u0069\u0074\u0065\u006d/\u0063\u0072\u006f\u0070\u0073/\u0074\u006f\u006d\u0061\u0074\u006f/\u0067\u006f\u006c\u0064\u0065\u006e_\u0074\u006f\u006d\u0061\u0074\u006f","\u0070\u0061\u0072\u0074\u0069\u0063\u006c\u0065":"\u0063\u0075\u0073\u0074\u006f\u006d\u0063\u0072\u006f\u0070\u0073:\u0069\u0074\u0065\u006d/\u0073\u0070\u0072\u0069\u006e\u006b\u006c\u0065\u0072\u0073/\u0073\u0070\u0072\u0069\u006e\u006b\u006c\u0065\u0072_1"},"elements":[{"from":[7,0,7],"to":[9,16,9],"faces":{"north":{"uv":[11,0,13,16],"texture":"#0"},"east":{"uv":[8,0,10,16],"texture":"#0"},"south":{"uv":[14,0,16,16],"texture":"#0"},"west":{"uv":[6,0,8,16],"texture":"#0"},"up":{"uv":[8,1,10,3],"texture":"#0"},"down":{"uv":[10,9,12,11],"texture":"#0"}}},{"from":[0,0,11],"to":[16,16,11],"faces":{"north":{"uv":[0,0,16,16],"texture":"#1"},"east":{"uv":[0,0,0,16],"texture":"#1"},"south":{"uv":[0,0,16,16],"texture":"#1"},"west":{"uv":[0,0,0,16],"texture":"#1"},"up":{"uv":[0,0,16,0],"texture":"#1"},"down":{"uv":[0,0,16,0],"texture":"#1"}}},{"from":[0,0,5],"to":[16,16,5],"faces":{"north":{"uv":[0,0,16,16],"texture":"#1"},"east":{"uv":[0,0,0,16],"texture":"#1"},"south":{"uv":[0,0,16,16],"texture":"#1"},"west":{"uv":[0,0,0,16],"texture":"#1"},"up":{"uv":[0,0,16,0],"texture":"#1"},"down":{"uv":[0,0,16,0],"texture":"#1"}}},{"from":[11,0,0],"to":[11,16,16],"faces":{"north":{"uv":[0,0,0,16],"texture":"#1"},"east":{"uv":[0,0,16,16],"texture":"#1"},"south":{"uv":[0,0,0,16],"texture":"#1"},"west":{"uv":[0,0,16,16],"texture":"#1"},"up":{"uv":[0,0,16,0],"rotation":270,"texture":"#1"},"down":{"uv":[0,0,16,0],"rotation":90,"texture":"#1"}}},{"from":[5,0,0],"to":[5,16,16],"faces":{"north":{"uv":[0,0,0,16],"texture":"#1"},"east":{"uv":[0,0,16,16],"texture":"#1"},"south":{"uv":[0,0,0,16],"texture":"#1"},"west":{"uv":[0,0,16,16],"texture":"#1"},"up":{"uv":[0,0,16,0],"rotation":270,"texture":"#1"},"down":{"uv":[0,0,16,0],"rotation":90,"texture":"#1"}}},{"from":[3,7,9],"to":[6,10,12],"faces":{"north":{"uv":[10,5,13,8],"texture":"#2"},"east":{"uv":[3,10,6,13],"texture":"#2"},"south":{"uv":[2,5,5,8],"texture":"#2"},"west":{"uv":[4,7,7,10],"texture":"#2"},"up":{"uv":[9,9,12,12],"texture":"#2"},"down":{"uv":[11,8,14,11],"texture":"#2"}}},{"from":[9,10,10.5],"to":[12,13,13.5],"faces":{"north":{"uv":[7,9,10,12],"texture":"#2"},"east":{"uv":[9,6,12,9],"texture":"#2"},"south":{"uv":[3,6,6,9],"texture":"#2"},"west":{"uv":[4,7,7,10],"texture":"#2"},"up":{"uv":[9,9,12,12],"texture":"#2"},"down":{"uv":[11,8,14,11],"texture":"#2"}}},{"from":[4,10,4],"to":[7,13,7],"faces":{"north":{"uv":[11,6,14,9],"texture":"#2"},"east":{"uv":[4,9,7,12],"texture":"#2"},"south":{"uv":[3,6,6,9],"texture":"#2"},"west":{"uv":[4,7,7,10],"texture":"#2"},"up":{"uv":[9,9,12,12],"texture":"#2"},"down":{"uv":[11,8,14,11],"texture":"#2"}}},{"from":[4.75,0,5.25],"to":[7.75,3,8.25],"faces":{"north":{"uv":[7,8,10,11],"texture":"#2"},"east":{"uv":[4,10,7,13],"texture":"#2"},"south":{"uv":[0,4,3,7],"texture":"#2"},"west":{"uv":[4,7,7,10],"texture":"#2"},"up":{"uv":[9,9,12,12],"texture":"#2"},"down":{"uv":[11,8,14,11],"texture":"#2"}}},{"from":[9,4,3],"to":[12,7,6],"faces":{"north":{"uv":[6,9,9,12],"texture":"#2"},"east":{"uv":[3,10,6,13],"texture":"#2"},"south":{"uv":[5,7,8,10],"texture":"#2"},"west":{"uv":[4,7,7,10],"texture":"#2"},"up":{"uv":[9,9,12,12],"texture":"#2"},"down":{"uv":[11,8,14,11],"texture":"#2"}}}],"gui_light":"front","display":{"fixed":{"rotation":[-90,0,0],"translation":[0,0,-16],"scale":[2,2,2]}}}