{"textures​":{"layer0":"minecraft:item/polished_deepslate"},"credit":"momirealms","\u0074\u0065\u0078\u0074\u0075\u0072\u0065\u0073":{"0":"\u0063\u0075\u0073\u0074\u006f\u006d\u0063\u0072\u006f\u0070\u0073:\u0069\u0074\u0065\u006d/\u0063\u0072\u006f\u0070\u0073/\u0070\u0069\u0074\u0061\u0079\u0061/\u0073\u0074\u0061\u0067\u0065","1":"\u0062\u006c\u006f\u0063\u006b/\u0073\u0070\u0072\u0075\u0063\u0065_\u006c\u006f\u0067","\u0070\u0061\u0072\u0074\u0069\u0063\u006c\u0065":"\u0063\u0075\u0073\u0074\u006f\u006d\u0063\u0072\u006f\u0070\u0073:\u0069\u0074\u0065\u006d/\u0063\u0072\u006f\u0070\u0073/\u0070\u0069\u0074\u0061\u0079\u0061/\u0073\u0074\u0061\u0067\u0065"},"elements":[{"from":[7,7,7],"to":[9,11,9],"rotation":{"angle":0,"axis":"y","origin":[0,-13,0]},"faces":{"north":{"uv":[8,0.66667,10,4.66667],"texture":"#1"},"east":{"uv":[8,0.66667,10,4.66667],"texture":"#1"},"south":{"uv":[8,0.66667,10,4.66667],"texture":"#1"},"west":{"uv":[8,0.66667,10,4.66667],"texture":"#1"},"up":{"uv":[8,0.66667,10,2.66667],"texture":"#1"},"down":{"uv":[8,0.66667,10,2.66667],"texture":"#1"}}},{"from":[6.5,0,6.5],"to":[9.5,7,9.5],"rotation":{"angle":0,"axis":"y","origin":[0,-8,0]},"faces":{"north":{"uv":[8,3,11,10],"texture":"#1"},"east":{"uv":[8,3,11,10],"texture":"#1"},"south":{"uv":[8,3,11,10],"texture":"#1"},"west":{"uv":[8,3,11,10],"texture":"#1"},"up":{"uv":[8,3,11,6],"texture":"#1"},"down":{"uv":[8,3,11,6],"texture":"#1"}}},{"from":[6,6,17],"to":[10,6,19],"rotation":{"angle":-22.5,"axis":"x","origin":[0,-13,0]},"faces":{"north":{"uv":[0,0,2,0],"texture":"#0"},"east":{"uv":[0,0,1,0],"texture":"#0"},"south":{"uv":[0,0,2,0],"texture":"#0"},"west":{"uv":[0,0,1,0],"texture":"#0"},"up":{"uv":[0,8,2,9],"texture":"#0"},"down":{"uv":[0,0,2,1],"texture":"#0"}}},{"from":[6,5.3,4.4],"to":[10,10.3,4.4],"rotation":{"angle":0,"axis":"y","origin":[0,-13,16]},"faces":{"north":{"uv":[2,13.5,0,16],"texture":"#0"},"east":{"uv":[0,0,4,0],"rotation":270,"texture":"#0"},"south":{"uv":[2,16,0,13.5],"rotation":180,"texture":"#0"},"west":{"uv":[0,0,4,0],"rotation":90,"texture":"#0"},"up":{"uv":[0,0,2,0],"rotation":180,"texture":"#0"},"down":{"uv":[0,0,2,0],"texture":"#0"}}},{"from":[6,11.75,24.25],"to":[10,11.75,26.25],"rotation":{"angle":-45,"axis":"x","origin":[0,-13,16]},"faces":{"north":{"uv":[2,0,0,0],"texture":"#0"},"east":{"uv":[1,0,0,0],"texture":"#0"},"south":{"uv":[2,0,0,0],"texture":"#0"},"west":{"uv":[1,0,0,0],"texture":"#0"},"up":{"uv":[0,1.5,2,0.5],"texture":"#0"},"down":{"uv":[0,1,2,0],"texture":"#0"}}},{"from":[6,6,-3],"to":[10,6,-1],"rotation":{"angle":22.5,"axis":"x","origin":[0,-13,16]},"faces":{"north":{"uv":[2,0,0,0],"texture":"#0"},"east":{"uv":[1,0,0,0],"texture":"#0"},"south":{"uv":[2,0,0,0],"texture":"#0"},"west":{"uv":[1,0,0,0],"texture":"#0"},"up":{"uv":[0,1.5,2,0.5],"texture":"#0"},"down":{"uv":[0,1,2,0],"texture":"#0"}}},{"from":[6,11.85,-10.25],"to":[10,11.85,-8.25],"rotation":{"angle":45,"axis":"x","origin":[0,-13,0]},"faces":{"north":{"uv":[0,0,2,0],"texture":"#0"},"east":{"uv":[0,0,1,0],"texture":"#0"},"south":{"uv":[0,0,2,0],"texture":"#0"},"west":{"uv":[0,0,1,0],"texture":"#0"},"up":{"uv":[0,0.5,2,1.5],"texture":"#0"},"down":{"uv":[0,0,2,1],"texture":"#0"}}},{"from":[19.75,0.5,6],"to":[21.75,0.5,10],"rotation":{"angle":45,"axis":"z","origin":[0,-13,0]},"faces":{"north":{"uv":[0,0,1,0],"texture":"#0"},"east":{"uv":[0,0,2,0],"texture":"#0"},"south":{"uv":[0,0,1,0],"texture":"#0"},"west":{"uv":[0,0,2,0],"texture":"#0"},"up":{"uv":[0,0.5,2,1.5],"rotation":90,"texture":"#0"},"down":{"uv":[0,0,2,1],"rotation":270,"texture":"#0"}}},{"from":[18.1,12.2,6],"to":[20.1,12.2,10],"rotation":{"angle":22.5,"axis":"z","origin":[16,-13,0]},"faces":{"north":{"uv":[1,0,0,0],"texture":"#0"},"east":{"uv":[2,0,0,0],"texture":"#0"},"south":{"uv":[1,0,0,0],"texture":"#0"},"west":{"uv":[2,0,0,0],"texture":"#0"},"up":{"uv":[0,12,2,11],"rotation":90,"texture":"#0"},"down":{"uv":[1,0,0,2],"texture":"#0"}}},{"from":[-5.95,0.4,6],"to":[-3.95,0.4,10],"rotation":{"angle":-45,"axis":"z","origin":[16,-13,0]},"faces":{"north":{"uv":[1,0,0,0],"texture":"#0"},"east":{"uv":[2,0,0,0],"texture":"#0"},"south":{"uv":[1,0,0,0],"texture":"#0"},"west":{"uv":[2,0,0,0],"texture":"#0"},"up":{"uv":[0,1.5,2,0.5],"rotation":90,"texture":"#0"},"down":{"uv":[0,1,2,0],"rotation":270,"texture":"#0"}}},{"from":[11.3,5.55,6],"to":[11.3,10.55,10],"rotation":{"angle":0,"axis":"y","origin":[16,-13,0]},"faces":{"north":{"uv":[0,0,4,0],"rotation":270,"texture":"#0"},"east":{"uv":[0,16,2,13.5],"rotation":180,"texture":"#0"},"south":{"uv":[0,0,4,0],"rotation":90,"texture":"#0"},"west":{"uv":[0,12,2,16],"texture":"#0"},"up":{"uv":[0,0,2,0],"rotation":90,"texture":"#0"},"down":{"uv":[0,0,2,0],"rotation":90,"texture":"#0"}}},{"from":[6,5.45,11.75],"to":[10,10.45,11.75],"rotation":{"angle":0,"axis":"y","origin":[0,-13,0]},"faces":{"north":{"uv":[2,16,0,12],"rotation":180,"texture":"#0"},"east":{"uv":[0,0,4,0],"rotation":270,"texture":"#0"},"south":{"uv":[2,13.5,0,16],"texture":"#0"},"west":{"uv":[0,0,4,0],"rotation":90,"texture":"#0"},"up":{"uv":[0,0,2,0],"rotation":180,"texture":"#0"},"down":{"uv":[0,0,2,0],"texture":"#0"}}},{"from":[4.55,5.55,6],"to":[4.55,10.55,10],"rotation":{"angle":0,"axis":"y","origin":[0,-13,0]},"faces":{"north":{"uv":[0,0,4,0],"rotation":270,"texture":"#0"},"east":{"uv":[2,13.5,0,16],"texture":"#0"},"south":{"uv":[0,0,4,0],"rotation":90,"texture":"#0"},"west":{"uv":[2,16,0,13.5],"rotation":180,"texture":"#0"},"up":{"uv":[0,0,2,0],"rotation":90,"texture":"#0"},"down":{"uv":[0,0,2,0],"rotation":90,"texture":"#0"}}},{"from":[-4.1,12.2,6],"to":[-2.1,12.2,10],"rotation":{"angle":-22.5,"axis":"z","origin":[0,-13,0]},"faces":{"north":{"uv":[0,0,1,0],"texture":"#0"},"east":{"uv":[0,0,2,0],"texture":"#0"},"south":{"uv":[0,0,1,0],"texture":"#0"},"west":{"uv":[0,0,2,0],"texture":"#0"},"up":{"uv":[0,11,2,12],"rotation":90,"texture":"#0"},"down":{"uv":[0,0,1,2],"texture":"#0"}}}],"gui_light":"front","display":{"fixed":{"rotation":[-90,0,0],"translation":[0,0,-16],"scale":[2,2,2]}}}