{"textures​":{"layer0":"minecraft:item/copper_ore"},"credit":"Cha_Shao, XiaoMoMi","\u0074\u0065\u0078\u0074\u0075\u0072\u0065\u0073":{"0":"\u0063\u0075\u0073\u0074\u006f\u006d\u0063\u0072\u006f\u0070\u0073:\u0069\u0074\u0065\u006d/\u0062\u0061\u0073\u0069\u0063\u0073/\u0063\u0072\u006f\u0077_\u0073\u0074\u0061\u006e\u0064","1":"\u0063\u0075\u0073\u0074\u006f\u006d\u0063\u0072\u006f\u0070\u0073:\u0069\u0074\u0065\u006d/\u0062\u0061\u0073\u0069\u0063\u0073/\u0063\u0072\u006f\u0077_\u0066\u006c\u0079","\u0070\u0061\u0072\u0074\u0069\u0063\u006c\u0065":"\u0063\u0075\u0073\u0074\u006f\u006d\u0063\u0072\u006f\u0070\u0073:\u0069\u0074\u0065\u006d/\u0062\u0061\u0073\u0069\u0063\u0073/\u0063\u0072\u006f\u0077_\u0073\u0074\u0061\u006e\u0064"},"elements":[{"from":[6,1,6],"to":[10,5,13],"rotation":{"angle":0,"axis":"x","origin":[0,-5,13]},"faces":{"north":{"uv":[3,6,4,7],"rotation":180,"texture":"#0"},"east":{"uv":[8,0,4,7],"rotation":90,"texture":"#0"},"south":{"uv":[3,6,4,7],"texture":"#0"},"west":{"uv":[4,0,8,7],"rotation":270,"texture":"#0"},"up":{"uv":[8,0,12,7],"texture":"#0"},"down":{"uv":[0,0,4,7],"rotation":180,"texture":"#0"}}},{"from":[7,1,4],"to":[19,1,12],"rotation":{"angle":-22.5,"axis":"z","origin":[16,-5,13]},"faces":{"up":{"uv":[12,8,0,16],"texture":"#1"},"down":{"uv":[12,16,0,8],"texture":"#1"}}},{"from":[-3,1,4],"to":[9,1,12],"rotation":{"angle":22.5,"axis":"z","origin":[0,-5,13]},"faces":{"up":{"uv":[0,8,12,16],"texture":"#1"},"down":{"uv":[0,16,12,8],"texture":"#1"}}},{"from":[10,4,4],"to":[22,4,12],"rotation":{"angle":0,"axis":"x","origin":[16,-5,13]},"faces":{"up":{"uv":[12,0,0,8],"texture":"#1"},"down":{"uv":[12,8,0,0],"texture":"#1"}}},{"from":[-6,4,4],"to":[6,4,12],"rotation":{"angle":0,"axis":"x","origin":[0,-5,13]},"faces":{"up":{"uv":[0,0,12,8],"texture":"#1"},"down":{"uv":[0,8,12,0],"texture":"#1"}}},{"from":[6.5,0,3.5],"to":[9.5,3,7.5],"rotation":{"angle":-22.5,"axis":"x","origin":[8,1,3]},"faces":{"north":{"uv":[12,3,15,6],"texture":"#0"},"east":{"uv":[16,0,12,3],"texture":"#0"},"south":{"uv":[12,3,15,6],"texture":"#0"},"west":{"uv":[12,0,16,3],"texture":"#0"},"up":{"uv":[0,13,4,16],"rotation":90,"texture":"#0"},"down":{"uv":[0,13,4,16],"rotation":90,"texture":"#0"}}},{"from":[7,1,3],"to":[9,3,7],"rotation":{"angle":-45,"axis":"x","origin":[8,1,3]},"faces":{"north":{"uv":[1,4,3,6],"texture":"#0"},"east":{"uv":[5,0,7,4],"rotation":270,"texture":"#0"},"south":{"uv":[1,5,3,7],"texture":"#0"},"west":{"uv":[5,4,7,0],"rotation":270,"texture":"#0"},"up":{"uv":[1,1,3,5],"texture":"#0"},"down":{"uv":[0,0,2,4],"texture":"#0"}}},{"from":[6.975,0,0],"to":[9.025,2,4],"rotation":{"angle":-45,"axis":"x","origin":[8,1,3]},"faces":{"north":{"uv":[15,6,16,8],"texture":"#0"},"east":{"uv":[12,6,16,8],"texture":"#0"},"south":{"uv":[0,0,2,2],"texture":"#0"},"west":{"uv":[16,6,12,8],"texture":"#0"},"up":{"uv":[12,8,16,10],"rotation":270,"texture":"#0"},"down":{"uv":[12,7,16,9],"rotation":90,"texture":"#0"}}},{"from":[6,4.3,16.7],"to":[10,4.3,23.7],"rotation":{"angle":-22.5,"axis":"x","origin":[0,-5,13]},"faces":{"north":{"uv":[0,0,4,0],"rotation":180,"texture":"#0"},"east":{"uv":[0,0,0,7],"rotation":90,"texture":"#0"},"south":{"uv":[0,0,4,0],"texture":"#0"},"west":{"uv":[0,0,0,7],"rotation":270,"texture":"#0"},"up":{"uv":[0,6,4,13],"texture":"#0"},"down":{"uv":[4,6,0,13],"rotation":180,"texture":"#0"}}}],"display":{"head":{"rotation":[35,0,0],"translation":[0,-31,5],"scale":[1.6,1.6,1.6]}},"gui_light":"front"}