{"providers":[{"type":"bitmap","file":"nameplates:font/base/space_split.png","ascent":-5000,"height":-3,"chars":["\uf800"]},{"type":"bitmap","file":"nameplates:font/base/space_split.png","ascent":-5000,"height":-4,"chars":["\uf801"]},{"type":"bitmap","file":"nameplates:font/base/space_split.png","ascent":-5000,"height":-5,"chars":["\uf802"]},{"type":"bitmap","file":"nameplates:font/base/space_split.png","ascent":-5000,"height":-6,"chars":["\uf803"]},{"type":"bitmap","file":"nameplates:font/base/space_split.png","ascent":-5000,"height":-7,"chars":["\uf804"]},{"type":"bitmap","file":"nameplates:font/base/space_split.png","ascent":-5000,"height":-8,"chars":["\uf805"]},{"type":"bitmap","file":"nameplates:font/base/space_split.png","ascent":-5000,"height":-9,"chars":["\uf806"]},{"type":"bitmap","file":"nameplates:font/base/space_split.png","ascent":-5000,"height":-10,"chars":["\uf807"]},{"type":"bitmap","file":"nameplates:font/base/space_split.png","ascent":-5000,"height":-11,"chars":["\uf808"]},{"type":"bitmap","file":"nameplates:font/base/space_split.png","ascent":-5000,"height":-12,"chars":["\uf809"]},{"type":"bitmap","file":"nameplates:font/base/space_split.png","ascent":-5000,"height":-13,"chars":["\uf80a"]},{"type":"bitmap","file":"nameplates:font/base/space_split.png","ascent":-5000,"height":-14,"chars":["\uf80b"]},{"type":"bitmap","file":"nameplates:font/base/space_split.png","ascent":-5000,"height":-15,"chars":["\uf80c"]},{"type":"bitmap","file":"nameplates:font/base/space_split.png","ascent":-5000,"height":-16,"chars":["\uf80d"]},{"type":"bitmap","file":"nameplates:font/base/space_split.png","ascent":-5000,"height":-17,"chars":["\uf80e"]},{"type":"bitmap","file":"nameplates:font/base/space_split.png","ascent":-5000,"height":-18,"chars":["\uf80f"]},{"type":"bitmap","file":"nameplates:font/base/space_split.png","ascent":-5000,"height":-26,"chars":["\uf810"]},{"type":"bitmap","file":"nameplates:font/base/space_split.png","ascent":-5000,"height":-34,"chars":["\uf811"]},{"type":"bitmap","file":"nameplates:font/base/space_split.png","ascent":-5000,"height":-50,"chars":["\uf812"]},{"type":"bitmap","file":"nameplates:font/base/space_split.png","ascent":-5000,"height":-66,"chars":["\uf813"]},{"type":"bitmap","file":"nameplates:font/base/space_split.png","ascent":-5000,"height":-130,"chars":["\uf814"]},{"type":"bitmap","file":"nameplates:font/base/space_split.png","ascent":-5000,"height":-258,"chars":["\uf815"]},{"type":"bitmap","file":"nameplates:font/base/space_split.png","ascent":-5000,"height":-1,"chars":["\uf830"]},{"type":"bitmap","file":"nameplates:font/base/space_split.png","ascent":-5000,"height":1,"chars":["\uf831"]},{"type":"bitmap","file":"nameplates:font/base/space_split.png","ascent":-5000,"height":2,"chars":["\uf832"]},{"type":"bitmap","file":"nameplates:font/base/space_split.png","ascent":-5000,"height":3,"chars":["\uf833"]},{"type":"bitmap","file":"nameplates:font/base/space_split.png","ascent":-5000,"height":4,"chars":["\uf834"]},{"type":"bitmap","file":"nameplates:font/base/space_split.png","ascent":-5000,"height":5,"chars":["\uf835"]},{"type":"bitmap","file":"nameplates:font/base/space_split.png","ascent":-5000,"height":6,"chars":["\uf836"]},{"type":"bitmap","file":"nameplates:font/base/space_split.png","ascent":-5000,"height":7,"chars":["\uf837"]},{"type":"bitmap","file":"nameplates:font/base/space_split.png","ascent":-5000,"height":8,"chars":["\uf838"]},{"type":"bitmap","file":"nameplates:font/base/space_split.png","ascent":-5000,"height":9,"chars":["\uf839"]},{"type":"bitmap","file":"nameplates:font/base/space_split.png","ascent":-5000,"height":10,"chars":["\uf83a"]},{"type":"bitmap","file":"nameplates:font/base/space_split.png","ascent":-5000,"height":11,"chars":["\uf83b"]},{"type":"bitmap","file":"nameplates:font/base/space_split.png","ascent":-5000,"height":12,"chars":["\uf83c"]},{"type":"bitmap","file":"nameplates:font/base/space_split.png","ascent":-5000,"height":13,"chars":["\uf83d"]},{"type":"bitmap","file":"nameplates:font/base/space_split.png","ascent":-5000,"height":14,"chars":["\uf83e"]},{"type":"bitmap","file":"nameplates:font/base/space_split.png","ascent":-5000,"height":15,"chars":["\uf83f"]},{"type":"bitmap","file":"nameplates:font/base/space_split.png","ascent":-5000,"height":23,"chars":["\uf840"]},{"type":"bitmap","file":"nameplates:font/base/space_split.png","ascent":-5000,"height":31,"chars":["\uf841"]},{"type":"bitmap","file":"nameplates:font/base/space_split.png","ascent":-5000,"height":47,"chars":["\uf842"]},{"type":"bitmap","file":"nameplates:font/base/space_split.png","ascent":-5000,"height":63,"chars":["\uf843"]},{"type":"bitmap","file":"nameplates:font/base/space_split.png","ascent":-5000,"height":127,"chars":["\uf844"]},{"type":"bitmap","file":"nameplates:font/base/space_split.png","ascent":-5000,"height":255,"chars":["\uf845"]},{"type":"bitmap","file":"nameplates:font/nameplates/game_left.png","ascent":12,"height":16,"chars":["\ub033"]},{"type":"bitmap","file":"nameplates:font/nameplates/game_middle.png","ascent":12,"height":16,"chars":["\ub034"]},{"type":"bitmap","file":"nameplates:font/nameplates/game_right.png","ascent":12,"height":16,"chars":["\ub035"]},{"type":"bitmap","file":"nameplates:font/nameplates/panda_left.png","ascent":12,"height":16,"chars":["\ub03c"]},{"type":"bitmap","file":"nameplates:font/nameplates/panda_middle.png","ascent":12,"height":16,"chars":["\ub03d"]},{"type":"bitmap","file":"nameplates:font/nameplates/panda_right.png","ascent":12,"height":16,"chars":["\ub03e"]},{"type":"bitmap","file":"nameplates:font/nameplates/trident_left.png","ascent":12,"height":16,"chars":["\ub04b"]},{"type":"bitmap","file":"nameplates:font/nameplates/trident_middle.png","ascent":12,"height":16,"chars":["\ub04c"]},{"type":"bitmap","file":"nameplates:font/nameplates/trident_right.png","ascent":12,"height":16,"chars":["\ub04d"]},{"type":"bitmap","file":"nameplates:font/nameplates/egg_left.png","ascent":12,"height":16,"chars":["\ub02d"]},{"type":"bitmap","file":"nameplates:font/nameplates/egg_middle.png","ascent":12,"height":16,"chars":["\ub02e"]},{"type":"bitmap","file":"nameplates:font/nameplates/egg_right.png","ascent":12,"height":16,"chars":["\ub02f"]},{"type":"bitmap","file":"nameplates:font/nameplates/starsky_left.png","ascent":12,"height":16,"chars":["\ub048"]},{"type":"bitmap","file":"nameplates:font/nameplates/starsky_middle.png","ascent":12,"height":16,"chars":["\ub049"]},{"type":"bitmap","file":"nameplates:font/nameplates/starsky_right.png","ascent":12,"height":16,"chars":["\ub04a"]},{"type":"bitmap","file":"nameplates:font/nameplates/hutao_left.png","ascent":12,"height":16,"chars":["\ub039"]},{"type":"bitmap","file":"nameplates:font/nameplates/hutao_middle.png","ascent":12,"height":16,"chars":["\ub03a"]},{"type":"bitmap","file":"nameplates:font/nameplates/hutao_right.png","ascent":12,"height":16,"chars":["\ub03b"]},{"type":"bitmap","file":"nameplates:font/nameplates/sign_left.png","ascent":14,"height":16,"chars":["\ub042"]},{"type":"bitmap","file":"nameplates:font/nameplates/sign_middle.png","ascent":14,"height":16,"chars":["\ub043"]},{"type":"bitmap","file":"nameplates:font/nameplates/sign_right.png","ascent":14,"height":16,"chars":["\ub044"]},{"type":"bitmap","file":"nameplates:font/nameplates/banner_left.png","ascent":13,"height":16,"chars":["\ub027"]},{"type":"bitmap","file":"nameplates:font/nameplates/banner_middle.png","ascent":13,"height":16,"chars":["\ub028"]},{"type":"bitmap","file":"nameplates:font/nameplates/banner_right.png","ascent":13,"height":16,"chars":["\ub029"]},{"type":"bitmap","file":"nameplates:font/nameplates/angel_left.png","ascent":14,"height":16,"chars":["\ub024"]},{"type":"bitmap","file":"nameplates:font/nameplates/angel_middle.png","ascent":14,"height":16,"chars":["\ub025"]},{"type":"bitmap","file":"nameplates:font/nameplates/angel_right.png","ascent":14,"height":16,"chars":["\ub026"]},{"type":"bitmap","file":"nameplates:font/nameplates/star_box_left.png","ascent":12,"height":16,"chars":["\ub045"]},{"type":"bitmap","file":"nameplates:font/nameplates/star_box_middle.png","ascent":12,"height":16,"chars":["\ub046"]},{"type":"bitmap","file":"nameplates:font/nameplates/star_box_right.png","ascent":12,"height":16,"chars":["\ub047"]},{"type":"bitmap","file":"nameplates:font/nameplates/halloween_left.png","ascent":12,"height":16,"chars":["\ub036"]},{"type":"bitmap","file":"nameplates:font/nameplates/halloween_middle.png","ascent":12,"height":16,"chars":["\ub037"]},{"type":"bitmap","file":"nameplates:font/nameplates/halloween_right.png","ascent":12,"height":16,"chars":["\ub038"]},{"type":"bitmap","file":"nameplates:font/nameplates/rabbit_left.png","ascent":12,"height":16,"chars":["\ub03f"]},{"type":"bitmap","file":"nameplates:font/nameplates/rabbit_middle.png","ascent":12,"height":16,"chars":["\ub040"]},{"type":"bitmap","file":"nameplates:font/nameplates/rabbit_right.png","ascent":12,"height":16,"chars":["\ub041"]},{"type":"bitmap","file":"nameplates:font/nameplates/amogus_left.png","ascent":12,"height":16,"chars":["\ub021"]},{"type":"bitmap","file":"nameplates:font/nameplates/amogus_middle.png","ascent":12,"height":16,"chars":["\ub022"]},{"type":"bitmap","file":"nameplates:font/nameplates/amogus_right.png","ascent":12,"height":16,"chars":["\ub023"]},{"type":"bitmap","file":"nameplates:font/nameplates/enter_left.png","ascent":12,"height":16,"chars":["\ub030"]},{"type":"bitmap","file":"nameplates:font/nameplates/enter_middle.png","ascent":12,"height":16,"chars":["\ub031"]},{"type":"bitmap","file":"nameplates:font/nameplates/enter_right.png","ascent":12,"height":16,"chars":["\ub032"]},{"type":"bitmap","file":"nameplates:font/nameplates/crown_left.png","ascent":12,"height":16,"chars":["\ub02a"]},{"type":"bitmap","file":"nameplates:font/nameplates/crown_middle.png","ascent":12,"height":16,"chars":["\ub02b"]},{"type":"bitmap","file":"nameplates:font/nameplates/crown_right.png","ascent":12,"height":16,"chars":["\ub02c"]},{"type":"bitmap","file":"nameplates:font/nameplates/xmas_left.png","ascent":12,"height":16,"chars":["\ub04e"]},{"type":"bitmap","file":"nameplates:font/nameplates/xmas_middle.png","ascent":12,"height":16,"chars":["\ub04f"]},{"type":"bitmap","file":"nameplates:font/nameplates/xmas_right.png","ascent":12,"height":16,"chars":["\ub050"]},{"type":"bitmap","file":"nameplates:font/bubbles/chat_3_left.png","ascent":29,"height":33,"chars":["\ub01d"]},{"type":"bitmap","file":"nameplates:font/bubbles/chat_3_middle.png","ascent":29,"height":33,"chars":["\ub01e"]},{"type":"bitmap","file":"nameplates:font/bubbles/chat_3_right.png","ascent":29,"height":33,"chars":["\ub020"]},{"type":"bitmap","file":"nameplates:font/bubbles/chat_3_tail.png","ascent":29,"height":33,"chars":["\ub01f"]},{"type":"bitmap","file":"nameplates:font/bubbles/chat_1_left.png","ascent":9,"height":13,"chars":["\ub015"]},{"type":"bitmap","file":"nameplates:font/bubbles/chat_1_middle.png","ascent":9,"height":13,"chars":["\ub016"]},{"type":"bitmap","file":"nameplates:font/bubbles/chat_1_right.png","ascent":9,"height":13,"chars":["\ub018"]},{"type":"bitmap","file":"nameplates:font/bubbles/chat_1_tail.png","ascent":9,"height":13,"chars":["\ub017"]},{"type":"bitmap","file":"nameplates:font/bubbles/chat_2_left.png","ascent":19,"height":23,"chars":["\ub019"]},{"type":"bitmap","file":"nameplates:font/bubbles/chat_2_middle.png","ascent":19,"height":23,"chars":["\ub01a"]},{"type":"bitmap","file":"nameplates:font/bubbles/chat_2_right.png","ascent":19,"height":23,"chars":["\ub01c"]},{"type":"bitmap","file":"nameplates:font/bubbles/chat_2_tail.png","ascent":19,"height":23,"chars":["\ub01b"]},{"type":"bitmap","file":"nameplates:font/backgrounds/b0.png","ascent":11,"height":14,"chars":["\ub00b"]},{"type":"bitmap","file":"nameplates:font/backgrounds/b1.png","ascent":11,"height":14,"chars":["\ub00d"]},{"type":"bitmap","file":"nameplates:font/backgrounds/b2.png","ascent":11,"height":14,"chars":["\ub00e"]},{"type":"bitmap","file":"nameplates:font/backgrounds/b4.png","ascent":11,"height":14,"chars":["\ub00f"]},{"type":"bitmap","file":"nameplates:font/backgrounds/b8.png","ascent":11,"height":14,"chars":["\ub010"]},{"type":"bitmap","file":"nameplates:font/backgrounds/b16.png","ascent":11,"height":14,"chars":["\ub011"]},{"type":"bitmap","file":"nameplates:font/backgrounds/b32.png","ascent":11,"height":14,"chars":["\ub012"]},{"type":"bitmap","file":"nameplates:font/backgrounds/b64.png","ascent":11,"height":14,"chars":["\ub013"]},{"type":"bitmap","file":"nameplates:font/backgrounds/b128.png","ascent":11,"height":14,"chars":["\ub014"]},{"type":"bitmap","file":"nameplates:font/backgrounds/b0.png","ascent":11,"height":14,"chars":["\ub00c"]},{"type":"bitmap","file":"nameplates:font/backgrounds/b0.png","ascent":6,"height":14,"chars":["\ub001"]},{"type":"bitmap","file":"nameplates:font/backgrounds/b1.png","ascent":6,"height":14,"chars":["\ub003"]},{"type":"bitmap","file":"nameplates:font/backgrounds/b2.png","ascent":6,"height":14,"chars":["\ub004"]},{"type":"bitmap","file":"nameplates:font/backgrounds/b4.png","ascent":6,"height":14,"chars":["\ub005"]},{"type":"bitmap","file":"nameplates:font/backgrounds/b8.png","ascent":6,"height":14,"chars":["\ub006"]},{"type":"bitmap","file":"nameplates:font/backgrounds/b16.png","ascent":6,"height":14,"chars":["\ub007"]},{"type":"bitmap","file":"nameplates:font/backgrounds/b32.png","ascent":6,"height":14,"chars":["\ub008"]},{"type":"bitmap","file":"nameplates:font/backgrounds/b64.png","ascent":6,"height":14,"chars":["\ub009"]},{"type":"bitmap","file":"nameplates:font/backgrounds/b128.png","ascent":6,"height":14,"chars":["\ub00a"]},{"type":"bitmap","file":"nameplates:font/backgrounds/b0.png","ascent":6,"height":14,"chars":["\ub002"]},{"type":"bitmap","file":"nameplates:font/images/bubble.png","ascent":4,"height":10,"chars":["\ub052"]},{"type":"bitmap","file":"nameplates:font/images/compass.png","ascent":4,"height":10,"chars":["\ub055"]},{"type":"bitmap","file":"nameplates:font/images/weather.png","ascent":4,"height":10,"chars":["\ub059"]},{"type":"bitmap","file":"nameplates:font/images/clock.png","ascent":4,"height":10,"chars":["\ub053"]},{"type":"bitmap","file":"nameplates:font/images/stamina_1.png","ascent":-16,"height":9,"chars":["\ub057"]},{"type":"bitmap","file":"nameplates:font/images/bell.png","ascent":4,"height":10,"chars":["\ub051"]},{"type":"bitmap","file":"nameplates:font/images/stamina_0.png","ascent":-16,"height":9,"chars":["\ub056"]},{"type":"bitmap","file":"nameplates:font/images/coin.png","ascent":-14,"height":10,"chars":["\ub054"]},{"type":"bitmap","file":"nameplates:font/images/stamina_2.png","ascent":-16,"height":9,"chars":["\ub058"]}]}